"","OP_CODE","Year","TimeFirstFed","Family","Genus","Species","Scientific","TimeFirstSeen","HasFed","DelayToFeed","Depth","Coral","Habitat","Complexity","Treatment","Gensp","Length","Size_class","Shark_present","MaxN"
"1","FP_201_ASH002",2016,NA,"Carangidae","Carangoides","ferdau","Carangidae Carangoides ferdau",6.8689,0,NA,20,0,"Other","Low","before","Carangoides ferdau",70,"Medium",TRUE,2
"2","FP_201_ASH002",2016,NA,"Carangidae","Carangoides","ferdau","Carangidae Carangoides ferdau",6.8689,0,NA,20,0,"Other","Low","arrival ","Carangoides ferdau",70,"Medium",TRUE,2
"3","FP_201_ASH002",2016,NA,"Carangidae","Carangoides","ferdau","Carangidae Carangoides ferdau",6.8689,0,NA,20,0,"Other","Low","after","Carangoides ferdau",70,"Medium",TRUE,2
"4","FP_201_ASH002",2016,NA,"Carangidae","Carangoides","orthogrammus","Carangidae Carangoides orthogrammus",6.0928,0,NA,20,0,"Other","Low","before","Carangoides orthogrammus",75,"Medium",TRUE,5
"5","FP_201_ASH002",2016,NA,"Carangidae","Carangoides","orthogrammus","Carangidae Carangoides orthogrammus",6.0928,0,NA,20,0,"Other","Low","arrival ","Carangoides orthogrammus",75,"Medium",TRUE,5
"6","FP_201_ASH002",2016,NA,"Carangidae","Carangoides","orthogrammus","Carangidae Carangoides orthogrammus",6.0928,0,NA,20,0,"Other","Low","after","Carangoides orthogrammus",75,"Medium",TRUE,5
"7","FP_201_ASH002",2016,NA,"Carangidae","Carangoides","plagiotaenia","Carangidae Carangoides plagiotaenia",9.0439,0,NA,20,0,"Other","Low","before","Carangoides plagiotaenia",50,"Medium",TRUE,1
"8","FP_201_ASH002",2016,NA,"Carangidae","Carangoides","plagiotaenia","Carangidae Carangoides plagiotaenia",9.0439,0,NA,20,0,"Other","Low","arrival ","Carangoides plagiotaenia",50,"Medium",TRUE,1
"9","FP_201_ASH002",2016,NA,"Carangidae","Carangoides","plagiotaenia","Carangidae Carangoides plagiotaenia",9.0439,0,NA,20,0,"Other","Low","after","Carangoides plagiotaenia",50,"Medium",TRUE,1
"10","FP_201_ASH002",2016,NA,"Carangidae","Caranx","melampygus","Carangidae Caranx melampygus",6.0928,0,NA,20,0,"Other","Low","before","Caranx melampygus",117,"Large",TRUE,19
"11","FP_201_ASH002",2016,NA,"Carangidae","Caranx","melampygus","Carangidae Caranx melampygus",6.0928,0,NA,20,0,"Other","Low","arrival ","Caranx melampygus",117,"Large",TRUE,19
"12","FP_201_ASH002",2016,NA,"Carangidae","Caranx","melampygus","Carangidae Caranx melampygus",6.0928,0,NA,20,0,"Other","Low","after","Caranx melampygus",117,"Large",TRUE,19
"13","FP_201_ASH002",2016,NA,"Carcharhinidae","Carcharhinus","amblyrhynchos","Carcharhinidae Carcharhinus amblyrhynchos",35.2939,0,NA,20,0,"Other","Low","before","Carcharhinus amblyrhynchos",255,"Large",TRUE,1
"14","FP_201_ASH002",2016,NA,"Carcharhinidae","Carcharhinus","amblyrhynchos","Carcharhinidae Carcharhinus amblyrhynchos",35.2939,0,NA,20,0,"Other","Low","arrival ","Carcharhinus amblyrhynchos",255,"Large",TRUE,1
"15","FP_201_ASH002",2016,NA,"Carcharhinidae","Carcharhinus","amblyrhynchos","Carcharhinidae Carcharhinus amblyrhynchos",35.2939,0,NA,20,0,"Other","Low","after","Carcharhinus amblyrhynchos",255,"Large",TRUE,1
"16","FP_201_ASH002",2016,NA,"Lethrinidae","Lethrinus","amboinensis","Lethrinidae Lethrinus amboinensis",41.27,0,NA,20,0,"Other","Low","before","Lethrinus amboinensis",70,"Medium",TRUE,1
"17","FP_201_ASH002",2016,NA,"Lethrinidae","Lethrinus","amboinensis","Lethrinidae Lethrinus amboinensis",41.27,0,NA,20,0,"Other","Low","arrival ","Lethrinus amboinensis",70,"Medium",TRUE,1
"18","FP_201_ASH002",2016,NA,"Lethrinidae","Lethrinus","amboinensis","Lethrinidae Lethrinus amboinensis",41.27,0,NA,20,0,"Other","Low","after","Lethrinus amboinensis",70,"Medium",TRUE,1
"19","FP_201_ASH002",2016,NA,"Lethrinidae","Lethrinus","olivaceus","Lethrinidae Lethrinus olivaceus",6.8933,0,NA,20,0,"Other","Low","before","Lethrinus olivaceus",100,"Large",TRUE,3
"20","FP_201_ASH002",2016,NA,"Lethrinidae","Lethrinus","olivaceus","Lethrinidae Lethrinus olivaceus",6.8933,0,NA,20,0,"Other","Low","arrival ","Lethrinus olivaceus",100,"Large",TRUE,3
"21","FP_201_ASH002",2016,NA,"Lethrinidae","Lethrinus","olivaceus","Lethrinidae Lethrinus olivaceus",6.8933,0,NA,20,0,"Other","Low","after","Lethrinus olivaceus",100,"Large",TRUE,3
"22","FP_201_ASH002",2016,NA,"Lethrinidae","Lethrinus","rubrioperculatus","Lethrinidae Lethrinus rubrioperculatus",6.9628,0,NA,20,0,"Other","Low","before","Lethrinus rubrioperculatus",50,"Medium",TRUE,3
"23","FP_201_ASH002",2016,NA,"Lethrinidae","Lethrinus","rubrioperculatus","Lethrinidae Lethrinus rubrioperculatus",6.9628,0,NA,20,0,"Other","Low","arrival ","Lethrinus rubrioperculatus",50,"Medium",TRUE,3
"24","FP_201_ASH002",2016,NA,"Lethrinidae","Lethrinus","rubrioperculatus","Lethrinidae Lethrinus rubrioperculatus",6.9628,0,NA,20,0,"Other","Low","after","Lethrinus rubrioperculatus",50,"Medium",TRUE,3
"25","FP_201_ASH002",2016,NA,"Lutjanidae","Aprion","virescens","Lutjanidae Aprion virescens",27.3272,0,NA,20,0,"Other","Low","before","Aprion virescens",112,"Large",TRUE,1
"26","FP_201_ASH002",2016,NA,"Lutjanidae","Aprion","virescens","Lutjanidae Aprion virescens",27.3272,0,NA,20,0,"Other","Low","arrival ","Aprion virescens",112,"Large",TRUE,1
"27","FP_201_ASH002",2016,NA,"Lutjanidae","Aprion","virescens","Lutjanidae Aprion virescens",27.3272,0,NA,20,0,"Other","Low","after","Aprion virescens",112,"Large",TRUE,1
"28","FP_201_ASH003",2016,NA,"Carangidae","Carangoides","ferdau","Carangidae Carangoides ferdau",14.4389,0,NA,20,0,"Sand","Low","absent","Carangoides ferdau",70,"Medium",FALSE,1
"29","FP_201_ASH003",2016,NA,"Carangidae","Caranx","melampygus","Carangidae Caranx melampygus",30.9883,0,NA,20,0,"Sand","Low","absent","Caranx melampygus",117,"Large",FALSE,1
"30","FP_201_ASH003",2016,NA,"Lethrinidae","Gymnocranius","grandoculis","Lethrinidae Gymnocranius grandoculis",15.7022,0,NA,20,0,"Sand","Low","absent","Gymnocranius grandoculis",80,"Medium",FALSE,2
"31","FP_201_ASH003",2016,23.305,"Lethrinidae","Lethrinus","microdon","Lethrinidae Lethrinus microdon",23.305,1,0,20,0,"Sand","Low","absent","Lethrinus microdon",80,"Medium",FALSE,2
"32","FP_201_ASH003",2016,23.88,"Lethrinidae","Lethrinus","olivaceus","Lethrinidae Lethrinus olivaceus",6.7378,1,17.1422,20,0,"Sand","Low","absent","Lethrinus olivaceus",100,"Large",FALSE,1
"33","FP_201_ASH003",2016,NA,"Lethrinidae","Lethrinus","rubrioperculatus","Lethrinidae Lethrinus rubrioperculatus",5.335,0,NA,20,0,"Sand","Low","absent","Lethrinus rubrioperculatus",50,"Medium",FALSE,3
"34","FP_201_ASH003",2016,23.88,"Lutjanidae","Aprion","virescens","Lutjanidae Aprion virescens",23.6261,1,0.253899999999998,20,0,"Sand","Low","absent","Aprion virescens",112,"Large",FALSE,1
"35","FP_201_ASH006",2016,NA,"Carangidae","Carangoides","caeruleopinnatus","Carangidae Carangoides caeruleopinnatus",18.2677,0,NA,38,0,"Sand","Low","before","Carangoides caeruleopinnatus",NA,NA,TRUE,1
"36","FP_201_ASH006",2016,NA,"Carangidae","Carangoides","caeruleopinnatus","Carangidae Carangoides caeruleopinnatus",18.2677,0,NA,38,0,"Sand","Low","arrival","Carangoides caeruleopinnatus",NA,NA,TRUE,1
"37","FP_201_ASH006",2016,NA,"Carangidae","Carangoides","caeruleopinnatus","Carangidae Carangoides caeruleopinnatus",18.2677,0,NA,38,0,"Sand","Low","after","Carangoides caeruleopinnatus",NA,NA,TRUE,1
"38","FP_201_ASH006",2016,NA,"Carangidae","Carangoides","orthogrammus","Carangidae Carangoides orthogrammus",43.3456,0,NA,38,0,"Sand","Low","before","Carangoides orthogrammus",75,"Medium",TRUE,1
"39","FP_201_ASH006",2016,NA,"Carangidae","Carangoides","orthogrammus","Carangidae Carangoides orthogrammus",43.3456,0,NA,38,0,"Sand","Low","arrival","Carangoides orthogrammus",75,"Medium",TRUE,1
"40","FP_201_ASH006",2016,NA,"Carangidae","Carangoides","orthogrammus","Carangidae Carangoides orthogrammus",43.3456,0,NA,38,0,"Sand","Low","after","Carangoides orthogrammus",75,"Medium",TRUE,1
"41","FP_201_ASH006",2016,NA,"Carangidae","Caranx","melampygus","Carangidae Caranx melampygus",10.0578,0,NA,38,0,"Sand","Low","before","Caranx melampygus",117,"Large",TRUE,1
"42","FP_201_ASH006",2016,NA,"Carangidae","Caranx","melampygus","Carangidae Caranx melampygus",10.0578,0,NA,38,0,"Sand","Low","arrival","Caranx melampygus",117,"Large",TRUE,1
"43","FP_201_ASH006",2016,NA,"Carangidae","Caranx","melampygus","Carangidae Caranx melampygus",10.0578,0,NA,38,0,"Sand","Low","after","Caranx melampygus",117,"Large",TRUE,1
"44","FP_201_ASH006",2016,NA,"Carcharhinidae","Carcharhinus","amblyrhynchos","Carcharhinidae Carcharhinus amblyrhynchos",28.8933,0,NA,38,0,"Sand","Low","before","Carcharhinus amblyrhynchos",255,"Large",TRUE,1
"45","FP_201_ASH006",2016,NA,"Carcharhinidae","Carcharhinus","amblyrhynchos","Carcharhinidae Carcharhinus amblyrhynchos",28.8933,0,NA,38,0,"Sand","Low","arrival","Carcharhinus amblyrhynchos",255,"Large",TRUE,1
"46","FP_201_ASH006",2016,NA,"Carcharhinidae","Carcharhinus","amblyrhynchos","Carcharhinidae Carcharhinus amblyrhynchos",28.8933,0,NA,38,0,"Sand","Low","after","Carcharhinus amblyrhynchos",255,"Large",TRUE,1
"47","FP_201_ASH006",2016,NA,"Lethrinidae","Gymnocranius","sp","Lethrinidae Gymnocranius sp",10.7691,0,NA,38,0,"Sand","Low","before","Gymnocranius sp",NA,NA,TRUE,1
"48","FP_201_ASH006",2016,NA,"Lethrinidae","Gymnocranius","sp","Lethrinidae Gymnocranius sp",10.7691,0,NA,38,0,"Sand","Low","arrival","Gymnocranius sp",NA,NA,TRUE,1
"49","FP_201_ASH006",2016,NA,"Lethrinidae","Gymnocranius","sp","Lethrinidae Gymnocranius sp",10.7691,0,NA,38,0,"Sand","Low","after","Gymnocranius sp",NA,NA,TRUE,1
"50","FP_201_ASH006",2016,NA,"Lethrinidae","Lethrinus","amboinensis","Lethrinidae Lethrinus amboinensis",13.2922,0,NA,38,0,"Sand","Low","before","Lethrinus amboinensis",70,"Medium",TRUE,2
"51","FP_201_ASH006",2016,NA,"Lethrinidae","Lethrinus","amboinensis","Lethrinidae Lethrinus amboinensis",13.2922,0,NA,38,0,"Sand","Low","arrival","Lethrinus amboinensis",70,"Medium",TRUE,2
"52","FP_201_ASH006",2016,NA,"Lethrinidae","Lethrinus","amboinensis","Lethrinidae Lethrinus amboinensis",13.2922,0,NA,38,0,"Sand","Low","after","Lethrinus amboinensis",70,"Medium",TRUE,2
"53","FP_201_ASH006",2016,NA,"Lethrinidae","Lethrinus","olivaceus","Lethrinidae Lethrinus olivaceus",10.6228,0,NA,38,0,"Sand","Low","before","Lethrinus olivaceus",100,"Large",TRUE,2
"54","FP_201_ASH006",2016,NA,"Lethrinidae","Lethrinus","olivaceus","Lethrinidae Lethrinus olivaceus",10.6228,0,NA,38,0,"Sand","Low","arrival","Lethrinus olivaceus",100,"Large",TRUE,2
"55","FP_201_ASH006",2016,NA,"Lethrinidae","Lethrinus","olivaceus","Lethrinidae Lethrinus olivaceus",10.6228,0,NA,38,0,"Sand","Low","after","Lethrinus olivaceus",100,"Large",TRUE,2
"56","FP_201_ASH006",2016,NA,"Lethrinidae","Lethrinus","ravus","Lethrinidae Lethrinus ravus",30.7174,0,NA,38,0,"Sand","Low","before","Lethrinus ravus",25,"Small",TRUE,3
"57","FP_201_ASH006",2016,NA,"Lethrinidae","Lethrinus","ravus","Lethrinidae Lethrinus ravus",30.7174,0,NA,38,0,"Sand","Low","arrival","Lethrinus ravus",25,"Small",TRUE,3
"58","FP_201_ASH006",2016,NA,"Lethrinidae","Lethrinus","ravus","Lethrinidae Lethrinus ravus",30.7174,0,NA,38,0,"Sand","Low","after","Lethrinus ravus",25,"Small",TRUE,3
"59","FP_201_ASH006",2016,NA,"Lethrinidae","Lethrinus","rubrioperculatus","Lethrinidae Lethrinus rubrioperculatus",30.7174,0,NA,38,0,"Sand","Low","before","Lethrinus rubrioperculatus",50,"Medium",TRUE,1
"60","FP_201_ASH006",2016,NA,"Lethrinidae","Lethrinus","rubrioperculatus","Lethrinidae Lethrinus rubrioperculatus",30.7174,0,NA,38,0,"Sand","Low","arrival","Lethrinus rubrioperculatus",50,"Medium",TRUE,1
"61","FP_201_ASH006",2016,NA,"Lethrinidae","Lethrinus","rubrioperculatus","Lethrinidae Lethrinus rubrioperculatus",30.7174,0,NA,38,0,"Sand","Low","after","Lethrinus rubrioperculatus",50,"Medium",TRUE,1
"62","FP_201_ASH012",2016,NA,"Carangidae","Carangoides","plagiotaenia","Carangidae Carangoides plagiotaenia",35.5239,0,NA,26,0,"Other","Low","before","Carangoides plagiotaenia",50,"Medium",TRUE,1
"63","FP_201_ASH012",2016,NA,"Carangidae","Carangoides","plagiotaenia","Carangidae Carangoides plagiotaenia",35.5239,0,NA,26,0,"Other","Low","arrival","Carangoides plagiotaenia",50,"Medium",TRUE,1
"64","FP_201_ASH012",2016,NA,"Carangidae","Carangoides","plagiotaenia","Carangidae Carangoides plagiotaenia",35.5239,0,NA,26,0,"Other","Low","after","Carangoides plagiotaenia",50,"Medium",TRUE,1
"65","FP_201_ASH012",2016,NA,"Carangidae","Caranx","melampygus","Carangidae Caranx melampygus",5.3944,0,NA,26,0,"Other","Low","before","Caranx melampygus",117,"Large",TRUE,3
"66","FP_201_ASH012",2016,NA,"Carangidae","Caranx","melampygus","Carangidae Caranx melampygus",5.3944,0,NA,26,0,"Other","Low","arrival","Caranx melampygus",117,"Large",TRUE,3
"67","FP_201_ASH012",2016,NA,"Carangidae","Caranx","melampygus","Carangidae Caranx melampygus",5.3944,0,NA,26,0,"Other","Low","after","Caranx melampygus",117,"Large",TRUE,3
"68","FP_201_ASH012",2016,NA,"Carcharhinidae","Carcharhinus","amblyrhynchos","Carcharhinidae Carcharhinus amblyrhynchos",15.4939,0,NA,26,0,"Other","Low","before","Carcharhinus amblyrhynchos",255,"Large",TRUE,4
"69","FP_201_ASH012",2016,NA,"Carcharhinidae","Carcharhinus","amblyrhynchos","Carcharhinidae Carcharhinus amblyrhynchos",15.4939,0,NA,26,0,"Other","Low","arrival","Carcharhinus amblyrhynchos",255,"Large",TRUE,4
"70","FP_201_ASH012",2016,NA,"Carcharhinidae","Carcharhinus","amblyrhynchos","Carcharhinidae Carcharhinus amblyrhynchos",15.4939,0,NA,26,0,"Other","Low","after","Carcharhinus amblyrhynchos",255,"Large",TRUE,4
"71","FP_201_ASH012",2016,NA,"Carcharhinidae","Triaenodon","obesus","Carcharhinidae Triaenodon obesus",58.4394,0,NA,26,0,"Other","Low","before","Triaenodon obesus",213,"Large",TRUE,1
"72","FP_201_ASH012",2016,NA,"Carcharhinidae","Triaenodon","obesus","Carcharhinidae Triaenodon obesus",58.4394,0,NA,26,0,"Other","Low","arrival","Triaenodon obesus",213,"Large",TRUE,1
"73","FP_201_ASH012",2016,NA,"Carcharhinidae","Triaenodon","obesus","Carcharhinidae Triaenodon obesus",58.4394,0,NA,26,0,"Other","Low","after","Triaenodon obesus",213,"Large",TRUE,1
"74","FP_201_ASH012",2016,NA,"Lethrinidae","Gymnocranius","grandoculis","Lethrinidae Gymnocranius grandoculis",3.7144,0,NA,26,0,"Other","Low","before","Gymnocranius grandoculis",80,"Medium",TRUE,10
"75","FP_201_ASH012",2016,NA,"Lethrinidae","Gymnocranius","grandoculis","Lethrinidae Gymnocranius grandoculis",3.7144,0,NA,26,0,"Other","Low","arrival","Gymnocranius grandoculis",80,"Medium",TRUE,10
"76","FP_201_ASH012",2016,NA,"Lethrinidae","Gymnocranius","grandoculis","Lethrinidae Gymnocranius grandoculis",3.7144,0,NA,26,0,"Other","Low","after","Gymnocranius grandoculis",80,"Medium",TRUE,10
"77","FP_201_ASH012",2016,NA,"Lethrinidae","Lethrinus","microdon","Lethrinidae Lethrinus microdon",27.4428,0,NA,26,0,"Other","Low","before","Lethrinus microdon",80,"Medium",TRUE,1
"78","FP_201_ASH012",2016,NA,"Lethrinidae","Lethrinus","microdon","Lethrinidae Lethrinus microdon",27.4428,0,NA,26,0,"Other","Low","arrival","Lethrinus microdon",80,"Medium",TRUE,1
"79","FP_201_ASH012",2016,NA,"Lethrinidae","Lethrinus","microdon","Lethrinidae Lethrinus microdon",27.4428,0,NA,26,0,"Other","Low","after","Lethrinus microdon",80,"Medium",TRUE,1
"80","FP_201_ASH012",2016,NA,"Lethrinidae","Lethrinus","olivaceus","Lethrinidae Lethrinus olivaceus",4.0261,0,NA,26,0,"Other","Low","before","Lethrinus olivaceus",100,"Large",TRUE,3
"81","FP_201_ASH012",2016,NA,"Lethrinidae","Lethrinus","olivaceus","Lethrinidae Lethrinus olivaceus",4.0261,0,NA,26,0,"Other","Low","arrival","Lethrinus olivaceus",100,"Large",TRUE,3
"82","FP_201_ASH012",2016,NA,"Lethrinidae","Lethrinus","olivaceus","Lethrinidae Lethrinus olivaceus",4.0261,0,NA,26,0,"Other","Low","after","Lethrinus olivaceus",100,"Large",TRUE,3
"83","FP_201_ASH012",2016,NA,"Lethrinidae","Lethrinus","rubrioperculatus","Lethrinidae Lethrinus rubrioperculatus",17.9694,0,NA,26,0,"Other","Low","before","Lethrinus rubrioperculatus",50,"Medium",TRUE,4
"84","FP_201_ASH012",2016,NA,"Lethrinidae","Lethrinus","rubrioperculatus","Lethrinidae Lethrinus rubrioperculatus",17.9694,0,NA,26,0,"Other","Low","arrival","Lethrinus rubrioperculatus",50,"Medium",TRUE,4
"85","FP_201_ASH012",2016,NA,"Lethrinidae","Lethrinus","rubrioperculatus","Lethrinidae Lethrinus rubrioperculatus",17.9694,0,NA,26,0,"Other","Low","after","Lethrinus rubrioperculatus",50,"Medium",TRUE,4
"86","FP_201_ASH014",2016,NA,"Carangidae","Carangoides","caeruleopinnatus","Carangidae Carangoides caeruleopinnatus",41.1561,0,NA,22,0,"Sand","Low","absent","Carangoides caeruleopinnatus",NA,NA,FALSE,1
"87","FP_201_ASH014",2016,NA,"Lutjanidae","Aprion","virescens","Lutjanidae Aprion virescens",28.8583,0,NA,22,0,"Sand","Low","absent","Aprion virescens",112,"Large",FALSE,1
"88","FP_201_ASH017",2016,NA,"Carangidae","Caranx","melampygus","Carangidae Caranx melampygus",1.1167,0,NA,15.1,30,"Reef","Medium","before","Caranx melampygus",117,"Large",TRUE,2
"89","FP_201_ASH017",2016,NA,"Carangidae","Caranx","melampygus","Carangidae Caranx melampygus",1.1167,0,NA,15.1,30,"Reef","Medium ","before","Caranx melampygus",117,"Large",TRUE,2
"90","FP_201_ASH017",2016,NA,"Carangidae","Caranx","melampygus","Carangidae Caranx melampygus",1.1167,0,NA,15.1,30,"Reef","Medium ","arrival","Caranx melampygus",117,"Large",TRUE,2
"91","FP_201_ASH017",2016,NA,"Carangidae","Caranx","melampygus","Carangidae Caranx melampygus",1.1167,0,NA,15.1,30,"Reef","Medium","after","Caranx melampygus",117,"Large",TRUE,2
"92","FP_201_ASH017",2016,NA,"Carangidae","Caranx","melampygus","Carangidae Caranx melampygus",1.1167,0,NA,15.1,30,"Reef","Medium ","after","Caranx melampygus",117,"Large",TRUE,2
"93","FP_201_ASH017",2016,14.8799,"Carcharhinidae","Carcharhinus","amblyrhynchos","Carcharhinidae Carcharhinus amblyrhynchos",14.8198,1,0.0600999999999985,15.1,30,"Reef","Medium","before","Carcharhinus amblyrhynchos",255,"Large",TRUE,3
"94","FP_201_ASH017",2016,14.8799,"Carcharhinidae","Carcharhinus","amblyrhynchos","Carcharhinidae Carcharhinus amblyrhynchos",14.8198,1,0.0600999999999985,15.1,30,"Reef","Medium ","before","Carcharhinus amblyrhynchos",255,"Large",TRUE,3
"95","FP_201_ASH017",2016,14.8799,"Carcharhinidae","Carcharhinus","amblyrhynchos","Carcharhinidae Carcharhinus amblyrhynchos",14.8198,1,0.0600999999999985,15.1,30,"Reef","Medium ","arrival","Carcharhinus amblyrhynchos",255,"Large",TRUE,3
"96","FP_201_ASH017",2016,14.8799,"Carcharhinidae","Carcharhinus","amblyrhynchos","Carcharhinidae Carcharhinus amblyrhynchos",14.8198,1,0.0600999999999985,15.1,30,"Reef","Medium","after","Carcharhinus amblyrhynchos",255,"Large",TRUE,3
"97","FP_201_ASH017",2016,14.8799,"Carcharhinidae","Carcharhinus","amblyrhynchos","Carcharhinidae Carcharhinus amblyrhynchos",14.8198,1,0.0600999999999985,15.1,30,"Reef","Medium ","after","Carcharhinus amblyrhynchos",255,"Large",TRUE,3
"98","FP_201_ASH017",2016,NA,"Lethrinidae","Lethrinus","olivaceus","Lethrinidae Lethrinus olivaceus",19.7236,0,NA,15.1,30,"Reef","Medium","before","Lethrinus olivaceus",100,"Large",TRUE,1
"99","FP_201_ASH017",2016,NA,"Lethrinidae","Lethrinus","olivaceus","Lethrinidae Lethrinus olivaceus",19.7236,0,NA,15.1,30,"Reef","Medium ","before","Lethrinus olivaceus",100,"Large",TRUE,1
"100","FP_201_ASH017",2016,NA,"Lethrinidae","Lethrinus","olivaceus","Lethrinidae Lethrinus olivaceus",19.7236,0,NA,15.1,30,"Reef","Medium ","arrival","Lethrinus olivaceus",100,"Large",TRUE,1
"101","FP_201_ASH017",2016,NA,"Lethrinidae","Lethrinus","olivaceus","Lethrinidae Lethrinus olivaceus",19.7236,0,NA,15.1,30,"Reef","Medium","after","Lethrinus olivaceus",100,"Large",TRUE,1
"102","FP_201_ASH017",2016,NA,"Lethrinidae","Lethrinus","olivaceus","Lethrinidae Lethrinus olivaceus",19.7236,0,NA,15.1,30,"Reef","Medium ","after","Lethrinus olivaceus",100,"Large",TRUE,1
"103","FP_201_ASH017",2016,3.3016,"Lethrinidae","Lethrinus","rubrioperculatus","Lethrinidae Lethrinus rubrioperculatus",1.1167,1,2.1849,15.1,30,"Reef","Medium","before","Lethrinus rubrioperculatus",50,"Medium",TRUE,3
"104","FP_201_ASH017",2016,3.3016,"Lethrinidae","Lethrinus","rubrioperculatus","Lethrinidae Lethrinus rubrioperculatus",1.1167,1,2.1849,15.1,30,"Reef","Medium ","before","Lethrinus rubrioperculatus",50,"Medium",TRUE,3
"105","FP_201_ASH017",2016,3.3016,"Lethrinidae","Lethrinus","rubrioperculatus","Lethrinidae Lethrinus rubrioperculatus",1.1167,1,2.1849,15.1,30,"Reef","Medium ","arrival","Lethrinus rubrioperculatus",50,"Medium",TRUE,3
"106","FP_201_ASH017",2016,3.3016,"Lethrinidae","Lethrinus","rubrioperculatus","Lethrinidae Lethrinus rubrioperculatus",1.1167,1,2.1849,15.1,30,"Reef","Medium","after","Lethrinus rubrioperculatus",50,"Medium",TRUE,3
"107","FP_201_ASH017",2016,3.3016,"Lethrinidae","Lethrinus","rubrioperculatus","Lethrinidae Lethrinus rubrioperculatus",1.1167,1,2.1849,15.1,30,"Reef","Medium ","after","Lethrinus rubrioperculatus",50,"Medium",TRUE,3
"108","FP_201_ASH017",2016,NA,"Lutjanidae","Aprion","virescens","Lutjanidae Aprion virescens",9.8004,0,NA,15.1,30,"Reef","Medium","before","Aprion virescens",112,"Large",TRUE,1
"109","FP_201_ASH017",2016,NA,"Lutjanidae","Aprion","virescens","Lutjanidae Aprion virescens",9.8004,0,NA,15.1,30,"Reef","Medium ","before","Aprion virescens",112,"Large",TRUE,1
"110","FP_201_ASH017",2016,NA,"Lutjanidae","Aprion","virescens","Lutjanidae Aprion virescens",9.8004,0,NA,15.1,30,"Reef","Medium ","arrival","Aprion virescens",112,"Large",TRUE,1
"111","FP_201_ASH017",2016,NA,"Lutjanidae","Aprion","virescens","Lutjanidae Aprion virescens",9.8004,0,NA,15.1,30,"Reef","Medium","after","Aprion virescens",112,"Large",TRUE,1
"112","FP_201_ASH017",2016,NA,"Lutjanidae","Aprion","virescens","Lutjanidae Aprion virescens",9.8004,0,NA,15.1,30,"Reef","Medium ","after","Aprion virescens",112,"Large",TRUE,1
"113","FP_201_ASH017",2016,NA,"Lutjanidae","Lutjanus","bohar","Lutjanidae Lutjanus bohar",3.518,0,NA,15.1,30,"Reef","Medium","before","Lutjanus bohar",90,"Medium",TRUE,2
"114","FP_201_ASH017",2016,NA,"Lutjanidae","Lutjanus","bohar","Lutjanidae Lutjanus bohar",3.518,0,NA,15.1,30,"Reef","Medium ","before","Lutjanus bohar",90,"Medium",TRUE,2
"115","FP_201_ASH017",2016,NA,"Lutjanidae","Lutjanus","bohar","Lutjanidae Lutjanus bohar",3.518,0,NA,15.1,30,"Reef","Medium ","arrival","Lutjanus bohar",90,"Medium",TRUE,2
"116","FP_201_ASH017",2016,NA,"Lutjanidae","Lutjanus","bohar","Lutjanidae Lutjanus bohar",3.518,0,NA,15.1,30,"Reef","Medium","after","Lutjanus bohar",90,"Medium",TRUE,2
"117","FP_201_ASH017",2016,NA,"Lutjanidae","Lutjanus","bohar","Lutjanidae Lutjanus bohar",3.518,0,NA,15.1,30,"Reef","Medium ","after","Lutjanus bohar",90,"Medium",TRUE,2
"118","FP_201_ASH017",2016,NA,"Serranidae","Variola","albimarginata","Serranidae Variola albimarginata",9.5284,0,NA,15.1,30,"Reef","Medium","before","Variola albimarginata",65,"Medium",TRUE,2
"119","FP_201_ASH017",2016,NA,"Serranidae","Variola","albimarginata","Serranidae Variola albimarginata",9.5284,0,NA,15.1,30,"Reef","Medium ","before","Variola albimarginata",65,"Medium",TRUE,2
"120","FP_201_ASH017",2016,NA,"Serranidae","Variola","albimarginata","Serranidae Variola albimarginata",9.5284,0,NA,15.1,30,"Reef","Medium ","arrival","Variola albimarginata",65,"Medium",TRUE,2
"121","FP_201_ASH017",2016,NA,"Serranidae","Variola","albimarginata","Serranidae Variola albimarginata",9.5284,0,NA,15.1,30,"Reef","Medium","after","Variola albimarginata",65,"Medium",TRUE,2
"122","FP_201_ASH017",2016,NA,"Serranidae","Variola","albimarginata","Serranidae Variola albimarginata",9.5284,0,NA,15.1,30,"Reef","Medium ","after","Variola albimarginata",65,"Medium",TRUE,2
"123","FP_201_ASH025",2016,NA,"Carangidae","Carangoides","plagiotaenia","Carangidae Carangoides plagiotaenia",41.1806,0,NA,5.3,25,"Reef","High","absent","Carangoides plagiotaenia",50,"Medium",FALSE,1
"124","FP_201_ASH025",2016,NA,"Carangidae","Caranx","melampygus","Carangidae Caranx melampygus",31.7011,0,NA,5.3,25,"Reef","High","absent","Caranx melampygus",117,"Large",FALSE,1
"125","FP_201_ASH025",2016,NA,"Lutjanidae","Aprion","virescens","Lutjanidae Aprion virescens",48.0642,0,NA,5.3,25,"Reef","High","absent","Aprion virescens",112,"Large",FALSE,1
"126","FP_201_ASH025",2016,NA,"Lutjanidae","Lutjanus","bohar","Lutjanidae Lutjanus bohar",21.011,0,NA,5.3,25,"Reef","High","absent","Lutjanus bohar",90,"Medium",FALSE,1
"127","FP_201_ASH025",2016,48.6887,"Lutjanidae","Lutjanus","rivulatus","Lutjanidae Lutjanus rivulatus",36.4515,1,12.2372,5.3,25,"Reef","High","absent","Lutjanus rivulatus",80,"Medium",FALSE,1
"128","FP_201_ASH025",2016,NA,"Serranidae","Plectropomus","laevis","Serranidae Plectropomus laevis",33.0675,0,NA,5.3,25,"Reef","High","absent","Plectropomus laevis",125,"Large",FALSE,1
"129","FP_201_ASH025",2016,NA,"Serranidae","Variola","albimarginata","Serranidae Variola albimarginata",11.8291,0,NA,5.3,25,"Reef","High","absent","Variola albimarginata",65,"Medium",FALSE,1
"130","FP_201_ASH028",2016,NA,"Carangidae","Carangoides","ferdau","Carangidae Carangoides ferdau",31.7034,0,NA,37,0,"Sand","Low","arrival","Carangoides ferdau",70,"Medium",TRUE,1
"131","FP_201_ASH028",2016,NA,"Carangidae","Carangoides","ferdau","Carangidae Carangoides ferdau",31.7034,0,NA,37,0,"Sand","Low","after","Carangoides ferdau",70,"Medium",TRUE,1
"132","FP_201_ASH028",2016,NA,"Carangidae","Carangoides","orthogrammus","Carangidae Carangoides orthogrammus",12.0454,0,NA,37,0,"Sand","Low","arrival","Carangoides orthogrammus",75,"Medium",TRUE,1
"133","FP_201_ASH028",2016,NA,"Carangidae","Carangoides","orthogrammus","Carangidae Carangoides orthogrammus",12.0454,0,NA,37,0,"Sand","Low","after","Carangoides orthogrammus",75,"Medium",TRUE,1
"134","FP_201_ASH028",2016,39.0129,"Carcharhinidae","Carcharhinus","amblyrhynchos","Carcharhinidae Carcharhinus amblyrhynchos",37.7845,1,1.2284,37,0,"Sand","Low","arrival","Carcharhinus amblyrhynchos",255,"Large",TRUE,2
"135","FP_201_ASH028",2016,39.0129,"Carcharhinidae","Carcharhinus","amblyrhynchos","Carcharhinidae Carcharhinus amblyrhynchos",37.7845,1,1.2284,37,0,"Sand","Low","after","Carcharhinus amblyrhynchos",255,"Large",TRUE,2
"136","FP_201_ASH028",2016,NA,"Lethrinidae","Gymnocranius","grandoculis","Lethrinidae Gymnocranius grandoculis",43.9534,0,NA,37,0,"Sand","Low","arrival","Gymnocranius grandoculis",80,"Medium",TRUE,1
"137","FP_201_ASH028",2016,NA,"Lethrinidae","Gymnocranius","grandoculis","Lethrinidae Gymnocranius grandoculis",43.9534,0,NA,37,0,"Sand","Low","after","Gymnocranius grandoculis",80,"Medium",TRUE,1
"138","FP_201_ASH028",2016,NA,"Lethrinidae","Lethrinus","amboinensis","Lethrinidae Lethrinus amboinensis",39.7119,0,NA,37,0,"Sand","Low","arrival","Lethrinus amboinensis",70,"Medium",TRUE,9
"139","FP_201_ASH028",2016,NA,"Lethrinidae","Lethrinus","amboinensis","Lethrinidae Lethrinus amboinensis",39.7119,0,NA,37,0,"Sand","Low","after","Lethrinus amboinensis",70,"Medium",TRUE,9
"140","FP_201_ASH028",2016,NA,"Lutjanidae","Aprion","virescens","Lutjanidae Aprion virescens",62.0042,0,NA,37,0,"Sand","Low","arrival","Aprion virescens",112,"Large",TRUE,1
"141","FP_201_ASH028",2016,NA,"Lutjanidae","Aprion","virescens","Lutjanidae Aprion virescens",62.0042,0,NA,37,0,"Sand","Low","after","Aprion virescens",112,"Large",TRUE,1
"142","FP_201_ASH033",2016,NA,"Carangidae","Carangoides","ferdau","Carangidae Carangoides ferdau",46.6038,0,NA,25,0,"Other","Low","before","Carangoides ferdau",70,"Medium",TRUE,2
"143","FP_201_ASH033",2016,NA,"Carangidae","Carangoides","ferdau","Carangidae Carangoides ferdau",46.6038,0,NA,25,0,"Other","Low","arrival","Carangoides ferdau",70,"Medium",TRUE,2
"144","FP_201_ASH033",2016,NA,"Carangidae","Carangoides","ferdau","Carangidae Carangoides ferdau",46.6038,0,NA,25,0,"Other","Low","after","Carangoides ferdau",70,"Medium",TRUE,2
"145","FP_201_ASH033",2016,NA,"Carangidae","Caranx","ignobilis","Carangidae Caranx ignobilis",17.037,0,NA,25,0,"Other","Low","before","Caranx ignobilis",170,"Large",TRUE,1
"146","FP_201_ASH033",2016,NA,"Carangidae","Caranx","ignobilis","Carangidae Caranx ignobilis",17.037,0,NA,25,0,"Other","Low","arrival","Caranx ignobilis",170,"Large",TRUE,1
"147","FP_201_ASH033",2016,NA,"Carangidae","Caranx","ignobilis","Carangidae Caranx ignobilis",17.037,0,NA,25,0,"Other","Low","after","Caranx ignobilis",170,"Large",TRUE,1
"148","FP_201_ASH033",2016,NA,"Carangidae","Caranx","melampygus","Carangidae Caranx melampygus",15.9309,0,NA,25,0,"Other","Low","before","Caranx melampygus",117,"Large",TRUE,1
"149","FP_201_ASH033",2016,NA,"Carangidae","Caranx","melampygus","Carangidae Caranx melampygus",15.9309,0,NA,25,0,"Other","Low","arrival","Caranx melampygus",117,"Large",TRUE,1
"150","FP_201_ASH033",2016,NA,"Carangidae","Caranx","melampygus","Carangidae Caranx melampygus",15.9309,0,NA,25,0,"Other","Low","after","Caranx melampygus",117,"Large",TRUE,1
"151","FP_201_ASH033",2016,8.573,"Carcharhinidae","Carcharhinus","amblyrhynchos","Carcharhinidae Carcharhinus amblyrhynchos",6.2273,1,2.3457,25,0,"Other","Low","before","Carcharhinus amblyrhynchos",255,"Large",TRUE,2
"152","FP_201_ASH033",2016,8.573,"Carcharhinidae","Carcharhinus","amblyrhynchos","Carcharhinidae Carcharhinus amblyrhynchos",6.2273,1,2.3457,25,0,"Other","Low","arrival","Carcharhinus amblyrhynchos",255,"Large",TRUE,2
"153","FP_201_ASH033",2016,8.573,"Carcharhinidae","Carcharhinus","amblyrhynchos","Carcharhinidae Carcharhinus amblyrhynchos",6.2273,1,2.3457,25,0,"Other","Low","after","Carcharhinus amblyrhynchos",255,"Large",TRUE,2
"154","FP_201_ASH033",2016,NA,"Lethrinidae","Gymnocranius","grandoculis","Lethrinidae Gymnocranius grandoculis",12.5759,0,NA,25,0,"Other","Low","before","Gymnocranius grandoculis",80,"Medium",TRUE,1
"155","FP_201_ASH033",2016,NA,"Lethrinidae","Gymnocranius","grandoculis","Lethrinidae Gymnocranius grandoculis",12.5759,0,NA,25,0,"Other","Low","arrival","Gymnocranius grandoculis",80,"Medium",TRUE,1
"156","FP_201_ASH033",2016,NA,"Lethrinidae","Gymnocranius","grandoculis","Lethrinidae Gymnocranius grandoculis",12.5759,0,NA,25,0,"Other","Low","after","Gymnocranius grandoculis",80,"Medium",TRUE,1
"157","FP_201_ASH033",2016,NA,"Lethrinidae","Lethrinus","amboinensis","Lethrinidae Lethrinus amboinensis",10.2831,0,NA,25,0,"Other","Low","before","Lethrinus amboinensis",70,"Medium",TRUE,3
"158","FP_201_ASH033",2016,NA,"Lethrinidae","Lethrinus","amboinensis","Lethrinidae Lethrinus amboinensis",10.2831,0,NA,25,0,"Other","Low","arrival","Lethrinus amboinensis",70,"Medium",TRUE,3
"159","FP_201_ASH033",2016,NA,"Lethrinidae","Lethrinus","amboinensis","Lethrinidae Lethrinus amboinensis",10.2831,0,NA,25,0,"Other","Low","after","Lethrinus amboinensis",70,"Medium",TRUE,3
"160","FP_201_ASH033",2016,NA,"Lethrinidae","Lethrinus","olivaceus","Lethrinidae Lethrinus olivaceus",15.8848,0,NA,25,0,"Other","Low","before","Lethrinus olivaceus",100,"Large",TRUE,1
"161","FP_201_ASH033",2016,NA,"Lethrinidae","Lethrinus","olivaceus","Lethrinidae Lethrinus olivaceus",15.8848,0,NA,25,0,"Other","Low","arrival","Lethrinus olivaceus",100,"Large",TRUE,1
"162","FP_201_ASH033",2016,NA,"Lethrinidae","Lethrinus","olivaceus","Lethrinidae Lethrinus olivaceus",15.8848,0,NA,25,0,"Other","Low","after","Lethrinus olivaceus",100,"Large",TRUE,1
"163","FP_201_ASH033",2016,15.7068,"Lethrinidae","Lethrinus","ravus","Lethrinidae Lethrinus ravus",3.3383,1,12.3685,25,0,"Other","Low","before","Lethrinus ravus",25,"Small",TRUE,3
"164","FP_201_ASH033",2016,15.7068,"Lethrinidae","Lethrinus","ravus","Lethrinidae Lethrinus ravus",3.3383,1,12.3685,25,0,"Other","Low","arrival","Lethrinus ravus",25,"Small",TRUE,3
"165","FP_201_ASH033",2016,15.7068,"Lethrinidae","Lethrinus","ravus","Lethrinidae Lethrinus ravus",3.3383,1,12.3685,25,0,"Other","Low","after","Lethrinus ravus",25,"Small",TRUE,3
"166","FP_201_ASH033",2016,3.5313,"Lethrinidae","Lethrinus","rubrioperculatus","Lethrinidae Lethrinus rubrioperculatus",6.1806,1,-2.6493,25,0,"Other","Low","before","Lethrinus rubrioperculatus",50,"Medium",TRUE,9
"167","FP_201_ASH033",2016,3.5313,"Lethrinidae","Lethrinus","rubrioperculatus","Lethrinidae Lethrinus rubrioperculatus",6.1806,1,-2.6493,25,0,"Other","Low","arrival","Lethrinus rubrioperculatus",50,"Medium",TRUE,9
"168","FP_201_ASH033",2016,3.5313,"Lethrinidae","Lethrinus","rubrioperculatus","Lethrinidae Lethrinus rubrioperculatus",6.1806,1,-2.6493,25,0,"Other","Low","after","Lethrinus rubrioperculatus",50,"Medium",TRUE,9
"169","FP_201_ASH033",2016,NA,"Lutjanidae","Aprion","virescens","Lutjanidae Aprion virescens",12.027,0,NA,25,0,"Other","Low","before","Aprion virescens",112,"Large",TRUE,1
"170","FP_201_ASH033",2016,NA,"Lutjanidae","Aprion","virescens","Lutjanidae Aprion virescens",12.027,0,NA,25,0,"Other","Low","arrival","Aprion virescens",112,"Large",TRUE,1
"171","FP_201_ASH033",2016,NA,"Lutjanidae","Aprion","virescens","Lutjanidae Aprion virescens",12.027,0,NA,25,0,"Other","Low","after","Aprion virescens",112,"Large",TRUE,1
"172","FP_201_ASH035",2016,NA,"Carangidae","Carangoides","orthogrammus","Carangidae Carangoides orthogrammus",2.5197,0,NA,4,10,"Reef","Medium","absent","Carangoides orthogrammus",75,"Medium",FALSE,4
"173","FP_201_ASH035",2016,NA,"Carangidae","Caranx","ignobilis","Carangidae Caranx ignobilis",7.5881,0,NA,4,10,"Reef","Medium","absent","Caranx ignobilis",170,"Large",FALSE,1
"174","FP_201_ASH035",2016,4.7859,"Carangidae","Caranx","melampygus","Carangidae Caranx melampygus",4.7859,1,0,4,10,"Reef","Medium","absent","Caranx melampygus",117,"Large",FALSE,3
"175","FP_201_ASH035",2016,NA,"Carangidae","Scomberoides","lysan","Carangidae Scomberoides lysan",8.3333,0,NA,4,10,"Reef","Medium","absent","Scomberoides lysan",110,"Large",FALSE,1
"176","FP_201_ASH035",2016,NA,"Lethrinidae","Lethrinus","rubrioperculatus","Lethrinidae Lethrinus rubrioperculatus",33.6659,0,NA,4,10,"Reef","Medium","absent","Lethrinus rubrioperculatus",50,"Medium",FALSE,4
"177","FP_201_ASH035",2016,NA,"Lutjanidae","Lutjanus","bohar","Lutjanidae Lutjanus bohar",4.8393,0,NA,4,10,"Reef","Medium","absent","Lutjanus bohar",90,"Medium",FALSE,2
"178","FP_201_ASH035",2016,NA,"Lutjanidae","Lutjanus","decussatus","Lutjanidae Lutjanus decussatus",2.2956,0,NA,4,10,"Reef","Medium","absent","Lutjanus decussatus",35,"Small",FALSE,3
"179","FP_201_ASH035",2016,NA,"Serranidae","Cephalopholis","sp","Serranidae Cephalopholis sp",27.2628,0,NA,4,10,"Reef","Medium","absent","Cephalopholis sp",NA,NA,FALSE,1
"180","FP_201_ASH035",2016,NA,"Serranidae","Variola","albimarginata","Serranidae Variola albimarginata",7.0293,0,NA,4,10,"Reef","Medium","absent","Variola albimarginata",65,"Medium",FALSE,1
"181","FP_201_ASH036",2016,NA,"Carangidae","Carangoides","orthogrammus","Carangidae Carangoides orthogrammus",9.8482,0,NA,7,70,"Reef","Medium","before ","Carangoides orthogrammus",75,"Medium",TRUE,1
"182","FP_201_ASH036",2016,NA,"Carangidae","Carangoides","orthogrammus","Carangidae Carangoides orthogrammus",9.8482,0,NA,7,70,"Reef","Medium","arrival","Carangoides orthogrammus",75,"Medium",TRUE,1
"183","FP_201_ASH036",2016,NA,"Carangidae","Carangoides","orthogrammus","Carangidae Carangoides orthogrammus",9.8482,0,NA,7,70,"Reef","Medium","after","Carangoides orthogrammus",75,"Medium",TRUE,1
"184","FP_201_ASH036",2016,NA,"Carangidae","Caranx","melampygus","Carangidae Caranx melampygus",4.98,0,NA,7,70,"Reef","Medium","before ","Caranx melampygus",117,"Large",TRUE,5
"185","FP_201_ASH036",2016,NA,"Carangidae","Caranx","melampygus","Carangidae Caranx melampygus",4.98,0,NA,7,70,"Reef","Medium","arrival","Caranx melampygus",117,"Large",TRUE,5
"186","FP_201_ASH036",2016,NA,"Carangidae","Caranx","melampygus","Carangidae Caranx melampygus",4.98,0,NA,7,70,"Reef","Medium","after","Caranx melampygus",117,"Large",TRUE,5
"187","FP_201_ASH036",2016,31.4837,"Carcharhinidae","Carcharhinus","amblyrhynchos","Carcharhinidae Carcharhinus amblyrhynchos",9.9661,1,21.5176,7,70,"Reef","Medium","before ","Carcharhinus amblyrhynchos",255,"Large",TRUE,2
"188","FP_201_ASH036",2016,31.4837,"Carcharhinidae","Carcharhinus","amblyrhynchos","Carcharhinidae Carcharhinus amblyrhynchos",9.9661,1,21.5176,7,70,"Reef","Medium","arrival","Carcharhinus amblyrhynchos",255,"Large",TRUE,2
"189","FP_201_ASH036",2016,31.4837,"Carcharhinidae","Carcharhinus","amblyrhynchos","Carcharhinidae Carcharhinus amblyrhynchos",9.9661,1,21.5176,7,70,"Reef","Medium","after","Carcharhinus amblyrhynchos",255,"Large",TRUE,2
"190","FP_201_ASH036",2016,31.4837,"Carcharhinidae","Carcharhinus","amblyrhynchos","Carcharhinidae Carcharhinus amblyrhynchos",33.87,1,-2.3863,7,70,"Reef","Medium","before ","Carcharhinus amblyrhynchos",255,"Large",TRUE,2
"191","FP_201_ASH036",2016,31.4837,"Carcharhinidae","Carcharhinus","amblyrhynchos","Carcharhinidae Carcharhinus amblyrhynchos",33.87,1,-2.3863,7,70,"Reef","Medium","arrival","Carcharhinus amblyrhynchos",255,"Large",TRUE,2
"192","FP_201_ASH036",2016,31.4837,"Carcharhinidae","Carcharhinus","amblyrhynchos","Carcharhinidae Carcharhinus amblyrhynchos",33.87,1,-2.3863,7,70,"Reef","Medium","after","Carcharhinus amblyrhynchos",255,"Large",TRUE,2
"193","FP_201_ASH036",2016,NA,"Carcharhinidae","Triaenodon","obesus","Carcharhinidae Triaenodon obesus",7.4113,0,NA,7,70,"Reef","Medium","before ","Triaenodon obesus",213,"Large",TRUE,2
"194","FP_201_ASH036",2016,NA,"Carcharhinidae","Triaenodon","obesus","Carcharhinidae Triaenodon obesus",7.4113,0,NA,7,70,"Reef","Medium","arrival","Triaenodon obesus",213,"Large",TRUE,2
"195","FP_201_ASH036",2016,NA,"Carcharhinidae","Triaenodon","obesus","Carcharhinidae Triaenodon obesus",7.4113,0,NA,7,70,"Reef","Medium","after","Triaenodon obesus",213,"Large",TRUE,2
"196","FP_201_ASH036",2016,12.9435,"Lethrinidae","Lethrinus","atkinsoni","Lethrinidae Lethrinus atkinsoni",12.25,1,0.6935,7,70,"Reef","Medium","before ","Lethrinus atkinsoni",50,"Medium",TRUE,1
"197","FP_201_ASH036",2016,12.9435,"Lethrinidae","Lethrinus","atkinsoni","Lethrinidae Lethrinus atkinsoni",12.25,1,0.6935,7,70,"Reef","Medium","arrival","Lethrinus atkinsoni",50,"Medium",TRUE,1
"198","FP_201_ASH036",2016,12.9435,"Lethrinidae","Lethrinus","atkinsoni","Lethrinidae Lethrinus atkinsoni",12.25,1,0.6935,7,70,"Reef","Medium","after","Lethrinus atkinsoni",50,"Medium",TRUE,1
"199","FP_201_ASH036",2016,NA,"Lethrinidae","Lethrinus","microdon","Lethrinidae Lethrinus microdon",5.0117,0,NA,7,70,"Reef","Medium","before ","Lethrinus microdon",80,"Medium",TRUE,10
"200","FP_201_ASH036",2016,NA,"Lethrinidae","Lethrinus","microdon","Lethrinidae Lethrinus microdon",5.0117,0,NA,7,70,"Reef","Medium","arrival","Lethrinus microdon",80,"Medium",TRUE,10
"201","FP_201_ASH036",2016,NA,"Lethrinidae","Lethrinus","microdon","Lethrinidae Lethrinus microdon",5.0117,0,NA,7,70,"Reef","Medium","after","Lethrinus microdon",80,"Medium",TRUE,10
"202","FP_201_ASH036",2016,NA,"Lutjanidae","Aprion","virescens","Lutjanidae Aprion virescens",32.8428,0,NA,7,70,"Reef","Medium","before ","Aprion virescens",112,"Large",TRUE,1
"203","FP_201_ASH036",2016,NA,"Lutjanidae","Aprion","virescens","Lutjanidae Aprion virescens",32.8428,0,NA,7,70,"Reef","Medium","arrival","Aprion virescens",112,"Large",TRUE,1
"204","FP_201_ASH036",2016,NA,"Lutjanidae","Aprion","virescens","Lutjanidae Aprion virescens",32.8428,0,NA,7,70,"Reef","Medium","after","Aprion virescens",112,"Large",TRUE,1
"205","FP_201_ASH036",2016,12.9435,"Lutjanidae","Lutjanus","bohar","Lutjanidae Lutjanus bohar",5.0261,1,7.9174,7,70,"Reef","Medium","before ","Lutjanus bohar",90,"Medium",TRUE,18
"206","FP_201_ASH036",2016,12.9435,"Lutjanidae","Lutjanus","bohar","Lutjanidae Lutjanus bohar",5.0261,1,7.9174,7,70,"Reef","Medium","arrival","Lutjanus bohar",90,"Medium",TRUE,18
"207","FP_201_ASH036",2016,12.9435,"Lutjanidae","Lutjanus","bohar","Lutjanidae Lutjanus bohar",5.0261,1,7.9174,7,70,"Reef","Medium","after","Lutjanus bohar",90,"Medium",TRUE,18
"208","FP_201_ASH036",2016,NA,"Lutjanidae","Lutjanus","decussatus","Lutjanidae Lutjanus decussatus",13.692,0,NA,7,70,"Reef","Medium","before ","Lutjanus decussatus",35,"Small",TRUE,2
"209","FP_201_ASH036",2016,NA,"Lutjanidae","Lutjanus","decussatus","Lutjanidae Lutjanus decussatus",13.692,0,NA,7,70,"Reef","Medium","arrival","Lutjanus decussatus",35,"Small",TRUE,2
"210","FP_201_ASH036",2016,NA,"Lutjanidae","Lutjanus","decussatus","Lutjanidae Lutjanus decussatus",13.692,0,NA,7,70,"Reef","Medium","after","Lutjanus decussatus",35,"Small",TRUE,2
"211","FP_201_ASH036",2016,NA,"Lutjanidae","Lutjanus","rivulatus","Lutjanidae Lutjanus rivulatus",26.5115,0,NA,7,70,"Reef","Medium","before ","Lutjanus rivulatus",80,"Medium",TRUE,2
"212","FP_201_ASH036",2016,NA,"Lutjanidae","Lutjanus","rivulatus","Lutjanidae Lutjanus rivulatus",26.5115,0,NA,7,70,"Reef","Medium","arrival","Lutjanus rivulatus",80,"Medium",TRUE,2
"213","FP_201_ASH036",2016,NA,"Lutjanidae","Lutjanus","rivulatus","Lutjanidae Lutjanus rivulatus",26.5115,0,NA,7,70,"Reef","Medium","after","Lutjanus rivulatus",80,"Medium",TRUE,2
"214","FP_201_ASH036",2016,NA,"Lutjanidae","Macolor","sp","Lutjanidae Macolor sp",3.2477,0,NA,7,70,"Reef","Medium","before ","Macolor sp",NA,NA,TRUE,1
"215","FP_201_ASH036",2016,NA,"Lutjanidae","Macolor","sp","Lutjanidae Macolor sp",3.2477,0,NA,7,70,"Reef","Medium","arrival","Macolor sp",NA,NA,TRUE,1
"216","FP_201_ASH036",2016,NA,"Lutjanidae","Macolor","sp","Lutjanidae Macolor sp",3.2477,0,NA,7,70,"Reef","Medium","after","Macolor sp",NA,NA,TRUE,1
"217","FP_201_ASH036",2016,NA,"Lutjanidae","Macolor","sp","Lutjanidae Macolor sp",24.8916,0,NA,7,70,"Reef","Medium","before ","Macolor sp",NA,NA,TRUE,1
"218","FP_201_ASH036",2016,NA,"Lutjanidae","Macolor","sp","Lutjanidae Macolor sp",24.8916,0,NA,7,70,"Reef","Medium","arrival","Macolor sp",NA,NA,TRUE,1
"219","FP_201_ASH036",2016,NA,"Lutjanidae","Macolor","sp","Lutjanidae Macolor sp",24.8916,0,NA,7,70,"Reef","Medium","after","Macolor sp",NA,NA,TRUE,1
"220","FP_201_ASH036",2016,NA,"Serranidae","Aethaloperca","rogaa","Serranidae Aethaloperca rogaa",37.9496,0,NA,7,70,"Reef","Medium","before ","Aethaloperca rogaa",60,"Medium",TRUE,1
"221","FP_201_ASH036",2016,NA,"Serranidae","Aethaloperca","rogaa","Serranidae Aethaloperca rogaa",37.9496,0,NA,7,70,"Reef","Medium","arrival","Aethaloperca rogaa",60,"Medium",TRUE,1
"222","FP_201_ASH036",2016,NA,"Serranidae","Aethaloperca","rogaa","Serranidae Aethaloperca rogaa",37.9496,0,NA,7,70,"Reef","Medium","after","Aethaloperca rogaa",60,"Medium",TRUE,1
"223","FP_201_ASH036",2016,NA,"Serranidae","Cephalopholis","argus","Serranidae Cephalopholis argus",5.6807,0,NA,7,70,"Reef","Medium","before ","Cephalopholis argus",60,"Medium",TRUE,2
"224","FP_201_ASH036",2016,NA,"Serranidae","Cephalopholis","argus","Serranidae Cephalopholis argus",5.6807,0,NA,7,70,"Reef","Medium","arrival","Cephalopholis argus",60,"Medium",TRUE,2
"225","FP_201_ASH036",2016,NA,"Serranidae","Cephalopholis","argus","Serranidae Cephalopholis argus",5.6807,0,NA,7,70,"Reef","Medium","after","Cephalopholis argus",60,"Medium",TRUE,2
"226","FP_201_ASH036",2016,NA,"Serranidae","Cephalopholis","urodeta","Serranidae Cephalopholis urodeta",7.2845,0,NA,7,70,"Reef","Medium","before ","Cephalopholis urodeta",28,"Small",TRUE,2
"227","FP_201_ASH036",2016,NA,"Serranidae","Cephalopholis","urodeta","Serranidae Cephalopholis urodeta",7.2845,0,NA,7,70,"Reef","Medium","arrival","Cephalopholis urodeta",28,"Small",TRUE,2
"228","FP_201_ASH036",2016,NA,"Serranidae","Cephalopholis","urodeta","Serranidae Cephalopholis urodeta",7.2845,0,NA,7,70,"Reef","Medium","after","Cephalopholis urodeta",28,"Small",TRUE,2
"229","FP_201_ASH036",2016,NA,"Serranidae","Epinephelus","fasciatus","Serranidae Epinephelus fasciatus",13.2577,0,NA,7,70,"Reef","Medium","before ","Epinephelus fasciatus",40,"Small",TRUE,1
"230","FP_201_ASH036",2016,NA,"Serranidae","Epinephelus","fasciatus","Serranidae Epinephelus fasciatus",13.2577,0,NA,7,70,"Reef","Medium","arrival","Epinephelus fasciatus",40,"Small",TRUE,1
"231","FP_201_ASH036",2016,NA,"Serranidae","Epinephelus","fasciatus","Serranidae Epinephelus fasciatus",13.2577,0,NA,7,70,"Reef","Medium","after","Epinephelus fasciatus",40,"Small",TRUE,1
"232","FP_201_ASH036",2016,NA,"Serranidae","Variola","louti","Serranidae Variola louti",7.3223,0,NA,7,70,"Reef","Medium","before ","Variola louti",83,"Medium",TRUE,1
"233","FP_201_ASH036",2016,NA,"Serranidae","Variola","louti","Serranidae Variola louti",7.3223,0,NA,7,70,"Reef","Medium","arrival","Variola louti",83,"Medium",TRUE,1
"234","FP_201_ASH036",2016,NA,"Serranidae","Variola","louti","Serranidae Variola louti",7.3223,0,NA,7,70,"Reef","Medium","after","Variola louti",83,"Medium",TRUE,1
"235","FP_201_ASH040",2016,NA,"Carangidae","Carangoides","orthogrammus","Carangidae Carangoides orthogrammus",5.6929,0,NA,39.7,5,"Other","Low","absent ","Carangoides orthogrammus",75,"Medium",FALSE,1
"236","FP_201_ASH040",2016,NA,"Carangidae","Caranx","melampygus","Carangidae Caranx melampygus",5.5661,0,NA,39.7,5,"Other","Low","absent ","Caranx melampygus",117,"Large",FALSE,2
"237","FP_201_ASH040",2016,NA,"Lethrinidae","Gymnocranius","grandoculis","Lethrinidae Gymnocranius grandoculis",4.5863,0,NA,39.7,5,"Other","Low","absent ","Gymnocranius grandoculis",80,"Medium",FALSE,1
"238","FP_201_ASH040",2016,14.9094,"Lethrinidae","Lethrinus","amboinensis","Lethrinidae Lethrinus amboinensis",7.2706,1,7.6388,39.7,5,"Other","Low","absent ","Lethrinus amboinensis",70,"Medium",FALSE,3
"239","FP_201_ASH040",2016,15.0006,"Lethrinidae","Lethrinus","rubrioperculatus","Lethrinidae Lethrinus rubrioperculatus",3.241,1,11.7596,39.7,5,"Other","Low","absent ","Lethrinus rubrioperculatus",50,"Medium",FALSE,10
"240","FP_201_ASH040",2016,NA,"Lutjanidae","Aprion","virescens","Lutjanidae Aprion virescens",21.0572,0,NA,39.7,5,"Other","Low","absent ","Aprion virescens",112,"Large",FALSE,1
"241","FP_201_ASH047",2016,NA,"Carangidae","Carangoides","orthogrammus","Carangidae Carangoides orthogrammus",44.8154,0,NA,6.1,0,"Sand","Low","absent","Carangoides orthogrammus",75,"Medium",FALSE,1
"242","FP_201_ASH047",2016,NA,"Carangidae","Caranx","melampygus","Carangidae Caranx melampygus",45.1546,0,NA,6.1,0,"Sand","Low","absent","Caranx melampygus",117,"Large",FALSE,1
"243","FP_201_ASH047",2016,NA,"Carangidae","Scomberoides","lysan","Carangidae Scomberoides lysan",5.1574,0,NA,6.1,0,"Sand","Low","absent","Scomberoides lysan",110,"Large",FALSE,1
"244","FP_201_ASH051",2016,NA,"Carangidae","Carangoides","orthogrammus","Carangidae Carangoides orthogrammus",33.0714,0,NA,5,5,"Other","Low","arrival","Carangoides orthogrammus",75,"Medium",TRUE,1
"245","FP_201_ASH051",2016,NA,"Carangidae","Carangoides","orthogrammus","Carangidae Carangoides orthogrammus",33.0714,0,NA,5,5,"Other ","Low ","after","Carangoides orthogrammus",75,"Medium",TRUE,1
"246","FP_201_ASH051",2016,NA,"Carangidae","Carangoides","orthogrammus","Carangidae Carangoides orthogrammus",33.0714,0,NA,5,5,"Other","Low","after","Carangoides orthogrammus",75,"Medium",TRUE,1
"247","FP_201_ASH051",2016,NA,"Carangidae","Caranx","ignobilis","Carangidae Caranx ignobilis",50.0061,0,NA,5,5,"Other","Low","arrival","Caranx ignobilis",170,"Large",TRUE,1
"248","FP_201_ASH051",2016,NA,"Carangidae","Caranx","ignobilis","Carangidae Caranx ignobilis",50.0061,0,NA,5,5,"Other ","Low ","after","Caranx ignobilis",170,"Large",TRUE,1
"249","FP_201_ASH051",2016,NA,"Carangidae","Caranx","ignobilis","Carangidae Caranx ignobilis",50.0061,0,NA,5,5,"Other","Low","after","Caranx ignobilis",170,"Large",TRUE,1
"250","FP_201_ASH051",2016,NA,"Carangidae","Caranx","melampygus","Carangidae Caranx melampygus",8.954,0,NA,5,5,"Other","Low","arrival","Caranx melampygus",117,"Large",TRUE,1
"251","FP_201_ASH051",2016,NA,"Carangidae","Caranx","melampygus","Carangidae Caranx melampygus",8.954,0,NA,5,5,"Other ","Low ","after","Caranx melampygus",117,"Large",TRUE,1
"252","FP_201_ASH051",2016,NA,"Carangidae","Caranx","melampygus","Carangidae Caranx melampygus",8.954,0,NA,5,5,"Other","Low","after","Caranx melampygus",117,"Large",TRUE,1
"253","FP_201_ASH051",2016,60.6879,"Ginglymostomatidae","Nebrius","ferrugineus","Ginglymostomatidae Nebrius ferrugineus",60.5506,1,0.137299999999996,5,5,"Other","Low","arrival","Nebrius ferrugineus",320,"Large",TRUE,1
"254","FP_201_ASH051",2016,60.6879,"Ginglymostomatidae","Nebrius","ferrugineus","Ginglymostomatidae Nebrius ferrugineus",60.5506,1,0.137299999999996,5,5,"Other ","Low ","after","Nebrius ferrugineus",320,"Large",TRUE,1
"255","FP_201_ASH051",2016,60.6879,"Ginglymostomatidae","Nebrius","ferrugineus","Ginglymostomatidae Nebrius ferrugineus",60.5506,1,0.137299999999996,5,5,"Other","Low","after","Nebrius ferrugineus",320,"Large",TRUE,1
"256","FP_201_ASH051",2016,60.6879,"Ginglymostomatidae","Nebrius","ferrugineus","Ginglymostomatidae Nebrius ferrugineus",65.4538,1,-4.7659,5,5,"Other","Low","arrival","Nebrius ferrugineus",320,"Large",TRUE,1
"257","FP_201_ASH051",2016,60.6879,"Ginglymostomatidae","Nebrius","ferrugineus","Ginglymostomatidae Nebrius ferrugineus",65.4538,1,-4.7659,5,5,"Other ","Low ","after","Nebrius ferrugineus",320,"Large",TRUE,1
"258","FP_201_ASH051",2016,60.6879,"Ginglymostomatidae","Nebrius","ferrugineus","Ginglymostomatidae Nebrius ferrugineus",65.4538,1,-4.7659,5,5,"Other","Low","after","Nebrius ferrugineus",320,"Large",TRUE,1
"259","FP_201_ASH051",2016,NA,"Lethrinidae","Lethrinus","olivaceus","Lethrinidae Lethrinus olivaceus",32.567,0,NA,5,5,"Other","Low","arrival","Lethrinus olivaceus",100,"Large",TRUE,1
"260","FP_201_ASH051",2016,NA,"Lethrinidae","Lethrinus","olivaceus","Lethrinidae Lethrinus olivaceus",32.567,0,NA,5,5,"Other ","Low ","after","Lethrinus olivaceus",100,"Large",TRUE,1
"261","FP_201_ASH051",2016,NA,"Lethrinidae","Lethrinus","olivaceus","Lethrinidae Lethrinus olivaceus",32.567,0,NA,5,5,"Other","Low","after","Lethrinus olivaceus",100,"Large",TRUE,1
"262","FP_201_ASH051",2016,NA,"Lethrinidae","Lethrinus","rubrioperculatus","Lethrinidae Lethrinus rubrioperculatus",8.8305,0,NA,5,5,"Other","Low","arrival","Lethrinus rubrioperculatus",50,"Medium",TRUE,1
"263","FP_201_ASH051",2016,NA,"Lethrinidae","Lethrinus","rubrioperculatus","Lethrinidae Lethrinus rubrioperculatus",8.8305,0,NA,5,5,"Other ","Low ","after","Lethrinus rubrioperculatus",50,"Medium",TRUE,1
"264","FP_201_ASH051",2016,NA,"Lethrinidae","Lethrinus","rubrioperculatus","Lethrinidae Lethrinus rubrioperculatus",8.8305,0,NA,5,5,"Other","Low","after","Lethrinus rubrioperculatus",50,"Medium",TRUE,1
"265","FP_201_ASH052",2016,NA,"Carangidae","Carangoides","ferdau","Carangidae Carangoides ferdau",20.2831,0,NA,23,0,"Sand","Low","absent","Carangoides ferdau",70,"Medium",FALSE,1
"266","FP_201_ASH052",2016,NA,"Carangidae","Carangoides","orthogrammus","Carangidae Carangoides orthogrammus",63.0848,0,NA,23,0,"Sand","Low","absent","Carangoides orthogrammus",75,"Medium",FALSE,1
"267","FP_201_ASH052",2016,50.3759,"Lethrinidae","Gymnocranius","grandoculis","Lethrinidae Gymnocranius grandoculis",7.3668,1,43.0091,23,0,"Sand","Low","absent","Gymnocranius grandoculis",80,"Medium",FALSE,7
"268","FP_201_ASH052",2016,NA,"Lethrinidae","Lethrinus","olivaceus","Lethrinidae Lethrinus olivaceus",51.0383,0,NA,23,0,"Sand","Low","absent","Lethrinus olivaceus",100,"Large",FALSE,1
"269","FP_201_ASH052",2016,NA,"Lutjanidae","Aprion","virescens","Lutjanidae Aprion virescens",37.5264,0,NA,23,0,"Sand","Low","absent","Aprion virescens",112,"Large",FALSE,1
"270","FP_201_ASH055",2016,NA,"Carangidae","Carangoides","oblongus","Carangidae Carangoides oblongus",10.0562,0,NA,25,5,"Other","Low","absent","Carangoides oblongus",46,"Small",FALSE,1
"271","FP_201_ASH055",2016,NA,"Carangidae","Carangoides","orthogrammus","Carangidae Carangoides orthogrammus",10.1424,0,NA,25,5,"Other","Low","absent","Carangoides orthogrammus",75,"Medium",FALSE,3
"272","FP_201_ASH055",2016,NA,"Carangidae","Caranx","melampygus","Carangidae Caranx melampygus",10.1273,0,NA,25,5,"Other","Low","absent","Caranx melampygus",117,"Large",FALSE,1
"273","FP_201_ASH055",2016,NA,"Lethrinidae","Lethrinus","atkinsoni","Lethrinidae Lethrinus atkinsoni",6.4581,0,NA,25,5,"Other","Low","absent","Lethrinus atkinsoni",50,"Medium",FALSE,1
"274","FP_201_ASH055",2016,NA,"Lethrinidae","Lethrinus","atkinsoni","Lethrinidae Lethrinus atkinsoni",27.2962,0,NA,25,5,"Other","Low","absent","Lethrinus atkinsoni",50,"Medium",FALSE,1
"275","FP_201_ASH055",2016,61.8607,"Lethrinidae","Lethrinus","olivaceus","Lethrinidae Lethrinus olivaceus",61.8607,1,0,25,5,"Other","Low","absent","Lethrinus olivaceus",100,"Large",FALSE,1
"276","FP_201_ASH055",2016,14.5345,"Lethrinidae","Lethrinus","rubrioperculatus","Lethrinidae Lethrinus rubrioperculatus",18.7499,1,-4.2154,25,5,"Other","Low","absent","Lethrinus rubrioperculatus",50,"Medium",FALSE,6
"277","FP_201_ASH055",2016,14.5345,"Lethrinidae","Lethrinus","rubrioperculatus","Lethrinidae Lethrinus rubrioperculatus",5.1824,1,9.3521,25,5,"Other","Low","absent","Lethrinus rubrioperculatus",50,"Medium",FALSE,6
"278","FP_201_ASH055",2016,7.4235,"Lethrinidae","Lethrinus","semicinctus","Lethrinidae Lethrinus semicinctus",7.4235,1,0,25,5,"Other","Low","absent","Lethrinus semicinctus",35,"Small",FALSE,24
"279","FP_201_ASH055",2016,NA,"Lutjanidae","Aprion","virescens","Lutjanidae Aprion virescens",16.4759,0,NA,25,5,"Other","Low","absent","Aprion virescens",112,"Large",FALSE,1
"280","FP_201_ASH055",2016,NA,"Serranidae","Epinephelus","maculatus","Serranidae Epinephelus maculatus",9.1314,0,NA,25,5,"Other","Low","absent","Epinephelus maculatus",60,"Medium",FALSE,2
"281","FP_201_ASH056",2016,NA,"Carangidae","Carangoides","orthogrammus","Carangidae Carangoides orthogrammus",34.2632,0,NA,18,18.33,"Reef","High","before","Carangoides orthogrammus",75,"Medium",TRUE,3
"282","FP_201_ASH056",2016,NA,"Carangidae","Carangoides","orthogrammus","Carangidae Carangoides orthogrammus",34.2632,0,NA,18,18.33,"Reef","High","before ","Carangoides orthogrammus",75,"Medium",TRUE,3
"283","FP_201_ASH056",2016,NA,"Carangidae","Carangoides","orthogrammus","Carangidae Carangoides orthogrammus",34.2632,0,NA,18,18.33,"Reef","High","arrival ","Carangoides orthogrammus",75,"Medium",TRUE,3
"284","FP_201_ASH056",2016,NA,"Carangidae","Carangoides","orthogrammus","Carangidae Carangoides orthogrammus",34.2632,0,NA,18,18.33,"Reef","High","after","Carangoides orthogrammus",75,"Medium",TRUE,3
"285","FP_201_ASH056",2016,NA,"Carangidae","Caranx","melampygus","Carangidae Caranx melampygus",7.1677,0,NA,18,18.33,"Reef","High","before","Caranx melampygus",117,"Large",TRUE,1
"286","FP_201_ASH056",2016,NA,"Carangidae","Caranx","melampygus","Carangidae Caranx melampygus",7.1677,0,NA,18,18.33,"Reef","High","before ","Caranx melampygus",117,"Large",TRUE,1
"287","FP_201_ASH056",2016,NA,"Carangidae","Caranx","melampygus","Carangidae Caranx melampygus",7.1677,0,NA,18,18.33,"Reef","High","arrival ","Caranx melampygus",117,"Large",TRUE,1
"288","FP_201_ASH056",2016,NA,"Carangidae","Caranx","melampygus","Carangidae Caranx melampygus",7.1677,0,NA,18,18.33,"Reef","High","after","Caranx melampygus",117,"Large",TRUE,1
"289","FP_201_ASH056",2016,NA,"Carangidae","Gnathanodon","speciosus","Carangidae Gnathanodon speciosus",34.3983,0,NA,18,18.33,"Reef","High","before","Gnathanodon speciosus",120,"Large",TRUE,3
"290","FP_201_ASH056",2016,NA,"Carangidae","Gnathanodon","speciosus","Carangidae Gnathanodon speciosus",34.3983,0,NA,18,18.33,"Reef","High","before ","Gnathanodon speciosus",120,"Large",TRUE,3
"291","FP_201_ASH056",2016,NA,"Carangidae","Gnathanodon","speciosus","Carangidae Gnathanodon speciosus",34.3983,0,NA,18,18.33,"Reef","High","arrival ","Gnathanodon speciosus",120,"Large",TRUE,3
"292","FP_201_ASH056",2016,NA,"Carangidae","Gnathanodon","speciosus","Carangidae Gnathanodon speciosus",34.3983,0,NA,18,18.33,"Reef","High","after","Gnathanodon speciosus",120,"Large",TRUE,3
"293","FP_201_ASH056",2016,NA,"Carcharhinidae","Triaenodon","obesus","Carcharhinidae Triaenodon obesus",35.862,0,NA,18,18.33,"Reef","High","before","Triaenodon obesus",213,"Large",TRUE,1
"294","FP_201_ASH056",2016,NA,"Carcharhinidae","Triaenodon","obesus","Carcharhinidae Triaenodon obesus",35.862,0,NA,18,18.33,"Reef","High","before ","Triaenodon obesus",213,"Large",TRUE,1
"295","FP_201_ASH056",2016,NA,"Carcharhinidae","Triaenodon","obesus","Carcharhinidae Triaenodon obesus",35.862,0,NA,18,18.33,"Reef","High","arrival ","Triaenodon obesus",213,"Large",TRUE,1
"296","FP_201_ASH056",2016,NA,"Carcharhinidae","Triaenodon","obesus","Carcharhinidae Triaenodon obesus",35.862,0,NA,18,18.33,"Reef","High","after","Triaenodon obesus",213,"Large",TRUE,1
"297","FP_201_ASH056",2016,24.8398,"Lethrinidae","Lethrinus","microdon","Lethrinidae Lethrinus microdon",15.2797,1,9.5601,18,18.33,"Reef","High","before","Lethrinus microdon",80,"Medium",TRUE,3
"298","FP_201_ASH056",2016,24.8398,"Lethrinidae","Lethrinus","microdon","Lethrinidae Lethrinus microdon",15.2797,1,9.5601,18,18.33,"Reef","High","before ","Lethrinus microdon",80,"Medium",TRUE,3
"299","FP_201_ASH056",2016,24.8398,"Lethrinidae","Lethrinus","microdon","Lethrinidae Lethrinus microdon",15.2797,1,9.5601,18,18.33,"Reef","High","arrival ","Lethrinus microdon",80,"Medium",TRUE,3
"300","FP_201_ASH056",2016,24.8398,"Lethrinidae","Lethrinus","microdon","Lethrinidae Lethrinus microdon",15.2797,1,9.5601,18,18.33,"Reef","High","after","Lethrinus microdon",80,"Medium",TRUE,3
"301","FP_201_ASH056",2016,NA,"Lethrinidae","Monotaxis","grandoculis","Lethrinidae Monotaxis grandoculis",6.5299,0,NA,18,18.33,"Reef","High","before","Monotaxis grandoculis",60,"Medium",TRUE,1
"302","FP_201_ASH056",2016,NA,"Lethrinidae","Monotaxis","grandoculis","Lethrinidae Monotaxis grandoculis",6.5299,0,NA,18,18.33,"Reef","High","before ","Monotaxis grandoculis",60,"Medium",TRUE,1
"303","FP_201_ASH056",2016,NA,"Lethrinidae","Monotaxis","grandoculis","Lethrinidae Monotaxis grandoculis",6.5299,0,NA,18,18.33,"Reef","High","arrival ","Monotaxis grandoculis",60,"Medium",TRUE,1
"304","FP_201_ASH056",2016,NA,"Lethrinidae","Monotaxis","grandoculis","Lethrinidae Monotaxis grandoculis",6.5299,0,NA,18,18.33,"Reef","High","after","Monotaxis grandoculis",60,"Medium",TRUE,1
"305","FP_201_ASH056",2016,NA,"Lutjanidae","Lutjanus","bohar","Lutjanidae Lutjanus bohar",15.2797,0,NA,18,18.33,"Reef","High","before","Lutjanus bohar",90,"Medium",TRUE,3
"306","FP_201_ASH056",2016,NA,"Lutjanidae","Lutjanus","bohar","Lutjanidae Lutjanus bohar",15.2797,0,NA,18,18.33,"Reef","High","before ","Lutjanus bohar",90,"Medium",TRUE,3
"307","FP_201_ASH056",2016,NA,"Lutjanidae","Lutjanus","bohar","Lutjanidae Lutjanus bohar",15.2797,0,NA,18,18.33,"Reef","High","arrival ","Lutjanus bohar",90,"Medium",TRUE,3
"308","FP_201_ASH056",2016,NA,"Lutjanidae","Lutjanus","bohar","Lutjanidae Lutjanus bohar",15.2797,0,NA,18,18.33,"Reef","High","after","Lutjanus bohar",90,"Medium",TRUE,3
"309","FP_201_ASH056",2016,NA,"Lutjanidae","Lutjanus","bohar","Lutjanidae Lutjanus bohar",12.7544,0,NA,18,18.33,"Reef","High","before","Lutjanus bohar",90,"Medium",TRUE,3
"310","FP_201_ASH056",2016,NA,"Lutjanidae","Lutjanus","bohar","Lutjanidae Lutjanus bohar",12.7544,0,NA,18,18.33,"Reef","High","before ","Lutjanus bohar",90,"Medium",TRUE,3
"311","FP_201_ASH056",2016,NA,"Lutjanidae","Lutjanus","bohar","Lutjanidae Lutjanus bohar",12.7544,0,NA,18,18.33,"Reef","High","arrival ","Lutjanus bohar",90,"Medium",TRUE,3
"312","FP_201_ASH056",2016,NA,"Lutjanidae","Lutjanus","bohar","Lutjanidae Lutjanus bohar",12.7544,0,NA,18,18.33,"Reef","High","after","Lutjanus bohar",90,"Medium",TRUE,3
"313","FP_201_ASH056",2016,28.6108,"Lutjanidae","Lutjanus","decussatus","Lutjanidae Lutjanus decussatus",3.0286,1,25.5822,18,18.33,"Reef","High","before","Lutjanus decussatus",35,"Small",TRUE,3
"314","FP_201_ASH056",2016,28.6108,"Lutjanidae","Lutjanus","decussatus","Lutjanidae Lutjanus decussatus",3.0286,1,25.5822,18,18.33,"Reef","High","before ","Lutjanus decussatus",35,"Small",TRUE,3
"315","FP_201_ASH056",2016,28.6108,"Lutjanidae","Lutjanus","decussatus","Lutjanidae Lutjanus decussatus",3.0286,1,25.5822,18,18.33,"Reef","High","arrival ","Lutjanus decussatus",35,"Small",TRUE,3
"316","FP_201_ASH056",2016,28.6108,"Lutjanidae","Lutjanus","decussatus","Lutjanidae Lutjanus decussatus",3.0286,1,25.5822,18,18.33,"Reef","High","after","Lutjanus decussatus",35,"Small",TRUE,3
"317","FP_201_ASH056",2016,NA,"Lutjanidae","Lutjanus","quinquelineatus","Lutjanidae Lutjanus quinquelineatus",2.0854,0,NA,18,18.33,"Reef","High","before","Lutjanus quinquelineatus",38,"Small",TRUE,2
"318","FP_201_ASH056",2016,NA,"Lutjanidae","Lutjanus","quinquelineatus","Lutjanidae Lutjanus quinquelineatus",2.0854,0,NA,18,18.33,"Reef","High","before ","Lutjanus quinquelineatus",38,"Small",TRUE,2
"319","FP_201_ASH056",2016,NA,"Lutjanidae","Lutjanus","quinquelineatus","Lutjanidae Lutjanus quinquelineatus",2.0854,0,NA,18,18.33,"Reef","High","arrival ","Lutjanus quinquelineatus",38,"Small",TRUE,2
"320","FP_201_ASH056",2016,NA,"Lutjanidae","Lutjanus","quinquelineatus","Lutjanidae Lutjanus quinquelineatus",2.0854,0,NA,18,18.33,"Reef","High","after","Lutjanus quinquelineatus",38,"Small",TRUE,2
"321","FP_201_ASH056",2016,NA,"Serranidae","Cephalopholis","urodeta","Serranidae Cephalopholis urodeta",15.8553,0,NA,18,18.33,"Reef","High","before","Cephalopholis urodeta",28,"Small",TRUE,1
"322","FP_201_ASH056",2016,NA,"Serranidae","Cephalopholis","urodeta","Serranidae Cephalopholis urodeta",15.8553,0,NA,18,18.33,"Reef","High","before ","Cephalopholis urodeta",28,"Small",TRUE,1
"323","FP_201_ASH056",2016,NA,"Serranidae","Cephalopholis","urodeta","Serranidae Cephalopholis urodeta",15.8553,0,NA,18,18.33,"Reef","High","arrival ","Cephalopholis urodeta",28,"Small",TRUE,1
"324","FP_201_ASH056",2016,NA,"Serranidae","Cephalopholis","urodeta","Serranidae Cephalopholis urodeta",15.8553,0,NA,18,18.33,"Reef","High","after","Cephalopholis urodeta",28,"Small",TRUE,1
"325","FP_201_ASH056",2016,NA,"Serranidae","Plectropomus","laevis","Serranidae Plectropomus laevis",45.8664,0,NA,18,18.33,"Reef","High","before","Plectropomus laevis",125,"Large",TRUE,1
"326","FP_201_ASH056",2016,NA,"Serranidae","Plectropomus","laevis","Serranidae Plectropomus laevis",45.8664,0,NA,18,18.33,"Reef","High","before ","Plectropomus laevis",125,"Large",TRUE,1
"327","FP_201_ASH056",2016,NA,"Serranidae","Plectropomus","laevis","Serranidae Plectropomus laevis",45.8664,0,NA,18,18.33,"Reef","High","arrival ","Plectropomus laevis",125,"Large",TRUE,1
"328","FP_201_ASH056",2016,NA,"Serranidae","Plectropomus","laevis","Serranidae Plectropomus laevis",45.8664,0,NA,18,18.33,"Reef","High","after","Plectropomus laevis",125,"Large",TRUE,1
"329","FP_201_ASH056",2016,NA,"Serranidae","Plectropomus","maculatus","Serranidae Plectropomus maculatus",9.524,0,NA,18,18.33,"Reef","High","before","Plectropomus maculatus",125,"Large",TRUE,2
"330","FP_201_ASH056",2016,NA,"Serranidae","Plectropomus","maculatus","Serranidae Plectropomus maculatus",9.524,0,NA,18,18.33,"Reef","High","before ","Plectropomus maculatus",125,"Large",TRUE,2
"331","FP_201_ASH056",2016,NA,"Serranidae","Plectropomus","maculatus","Serranidae Plectropomus maculatus",9.524,0,NA,18,18.33,"Reef","High","arrival ","Plectropomus maculatus",125,"Large",TRUE,2
"332","FP_201_ASH056",2016,NA,"Serranidae","Plectropomus","maculatus","Serranidae Plectropomus maculatus",9.524,0,NA,18,18.33,"Reef","High","after","Plectropomus maculatus",125,"Large",TRUE,2
"333","FP_201_ASH059",2016,NA,"Lethrinidae","Gymnocranius","grandoculis","Lethrinidae Gymnocranius grandoculis",5.8725,0,NA,30,0,"Sand","Low","absent","Gymnocranius grandoculis",80,"Medium",FALSE,2
"334","FP_201_ASH059",2016,22.7672,"Lethrinidae","Lethrinus","rubrioperculatus","Lethrinidae Lethrinus rubrioperculatus",4.1525,1,18.6147,30,0,"Sand","Low","absent","Lethrinus rubrioperculatus",50,"Medium",FALSE,4
"335","FP_201_ASH059",2016,NA,"Lutjanidae","Lutjanus","vitta","Lutjanidae Lutjanus vitta",5.129,0,NA,30,0,"Sand","Low","absent","Lutjanus vitta",40,"Small",FALSE,1
"336","FP_201_ASH064",2016,NA,"Carangidae","Carangoides","orthogrammus","Carangidae Carangoides orthogrammus",20.6462,0,NA,7.9,40,"Reef","Medium","before","Carangoides orthogrammus",75,"Medium",TRUE,1
"337","FP_201_ASH064",2016,NA,"Carangidae","Carangoides","orthogrammus","Carangidae Carangoides orthogrammus",20.6462,0,NA,7.9,40,"Reef","Medium","arrival","Carangoides orthogrammus",75,"Medium",TRUE,1
"338","FP_201_ASH064",2016,NA,"Carangidae","Carangoides","orthogrammus","Carangidae Carangoides orthogrammus",20.6462,0,NA,7.9,40,"Reef","Medium","after","Carangoides orthogrammus",75,"Medium",TRUE,1
"339","FP_201_ASH064",2016,NA,"Carangidae","Caranx","melampygus","Carangidae Caranx melampygus",26.5365,0,NA,7.9,40,"Reef","Medium","before","Caranx melampygus",117,"Large",TRUE,1
"340","FP_201_ASH064",2016,NA,"Carangidae","Caranx","melampygus","Carangidae Caranx melampygus",26.5365,0,NA,7.9,40,"Reef","Medium","arrival","Caranx melampygus",117,"Large",TRUE,1
"341","FP_201_ASH064",2016,NA,"Carangidae","Caranx","melampygus","Carangidae Caranx melampygus",26.5365,0,NA,7.9,40,"Reef","Medium","after","Caranx melampygus",117,"Large",TRUE,1
"342","FP_201_ASH064",2016,50.6907,"Carcharhinidae","Triaenodon","obesus","Carcharhinidae Triaenodon obesus",48.2894,1,2.4013,7.9,40,"Reef","Medium","before","Triaenodon obesus",213,"Large",TRUE,1
"343","FP_201_ASH064",2016,50.6907,"Carcharhinidae","Triaenodon","obesus","Carcharhinidae Triaenodon obesus",48.2894,1,2.4013,7.9,40,"Reef","Medium","arrival","Triaenodon obesus",213,"Large",TRUE,1
"344","FP_201_ASH064",2016,50.6907,"Carcharhinidae","Triaenodon","obesus","Carcharhinidae Triaenodon obesus",48.2894,1,2.4013,7.9,40,"Reef","Medium","after","Triaenodon obesus",213,"Large",TRUE,1
"345","FP_201_ASH064",2016,NA,"Lethrinidae","Lethrinus","microdon","Lethrinidae Lethrinus microdon",26.5365,0,NA,7.9,40,"Reef","Medium","before","Lethrinus microdon",80,"Medium",TRUE,1
"346","FP_201_ASH064",2016,NA,"Lethrinidae","Lethrinus","microdon","Lethrinidae Lethrinus microdon",26.5365,0,NA,7.9,40,"Reef","Medium","arrival","Lethrinus microdon",80,"Medium",TRUE,1
"347","FP_201_ASH064",2016,NA,"Lethrinidae","Lethrinus","microdon","Lethrinidae Lethrinus microdon",26.5365,0,NA,7.9,40,"Reef","Medium","after","Lethrinus microdon",80,"Medium",TRUE,1
"348","FP_201_ASH064",2016,NA,"Lethrinidae","Lethrinus","olivaceus","Lethrinidae Lethrinus olivaceus",41.9903,0,NA,7.9,40,"Reef","Medium","before","Lethrinus olivaceus",100,"Large",TRUE,1
"349","FP_201_ASH064",2016,NA,"Lethrinidae","Lethrinus","olivaceus","Lethrinidae Lethrinus olivaceus",41.9903,0,NA,7.9,40,"Reef","Medium","arrival","Lethrinus olivaceus",100,"Large",TRUE,1
"350","FP_201_ASH064",2016,NA,"Lethrinidae","Lethrinus","olivaceus","Lethrinidae Lethrinus olivaceus",41.9903,0,NA,7.9,40,"Reef","Medium","after","Lethrinus olivaceus",100,"Large",TRUE,1
"351","FP_201_ASH064",2016,NA,"Lethrinidae","Lethrinus","ravus","Lethrinidae Lethrinus ravus",8.4112,0,NA,7.9,40,"Reef","Medium","before","Lethrinus ravus",25,"Small",TRUE,2
"352","FP_201_ASH064",2016,NA,"Lethrinidae","Lethrinus","ravus","Lethrinidae Lethrinus ravus",8.4112,0,NA,7.9,40,"Reef","Medium","arrival","Lethrinus ravus",25,"Small",TRUE,2
"353","FP_201_ASH064",2016,NA,"Lethrinidae","Lethrinus","ravus","Lethrinidae Lethrinus ravus",8.4112,0,NA,7.9,40,"Reef","Medium","after","Lethrinus ravus",25,"Small",TRUE,2
"354","FP_201_ASH064",2016,NA,"Lutjanidae","Lutjanus","bohar","Lutjanidae Lutjanus bohar",1.7429,0,NA,7.9,40,"Reef","Medium","before","Lutjanus bohar",90,"Medium",TRUE,3
"355","FP_201_ASH064",2016,NA,"Lutjanidae","Lutjanus","bohar","Lutjanidae Lutjanus bohar",1.7429,0,NA,7.9,40,"Reef","Medium","arrival","Lutjanus bohar",90,"Medium",TRUE,3
"356","FP_201_ASH064",2016,NA,"Lutjanidae","Lutjanus","bohar","Lutjanidae Lutjanus bohar",1.7429,0,NA,7.9,40,"Reef","Medium","after","Lutjanus bohar",90,"Medium",TRUE,3
"357","FP_201_ASH064",2016,NA,"Lutjanidae","Lutjanus","decussatus","Lutjanidae Lutjanus decussatus",1.4142,0,NA,7.9,40,"Reef","Medium","before","Lutjanus decussatus",35,"Small",TRUE,4
"358","FP_201_ASH064",2016,NA,"Lutjanidae","Lutjanus","decussatus","Lutjanidae Lutjanus decussatus",1.4142,0,NA,7.9,40,"Reef","Medium","arrival","Lutjanus decussatus",35,"Small",TRUE,4
"359","FP_201_ASH064",2016,NA,"Lutjanidae","Lutjanus","decussatus","Lutjanidae Lutjanus decussatus",1.4142,0,NA,7.9,40,"Reef","Medium","after","Lutjanus decussatus",35,"Small",TRUE,4
"360","FP_201_ASH064",2016,NA,"Lutjanidae","Lutjanus","gibbus","Lutjanidae Lutjanus gibbus",44.7876,0,NA,7.9,40,"Reef","Medium","before","Lutjanus gibbus",50,"Medium",TRUE,1
"361","FP_201_ASH064",2016,NA,"Lutjanidae","Lutjanus","gibbus","Lutjanidae Lutjanus gibbus",44.7876,0,NA,7.9,40,"Reef","Medium","arrival","Lutjanus gibbus",50,"Medium",TRUE,1
"362","FP_201_ASH064",2016,NA,"Lutjanidae","Lutjanus","gibbus","Lutjanidae Lutjanus gibbus",44.7876,0,NA,7.9,40,"Reef","Medium","after","Lutjanus gibbus",50,"Medium",TRUE,1
"363","FP_201_ASH064",2016,NA,"Lutjanidae","Lutjanus","rivulatus","Lutjanidae Lutjanus rivulatus",10.1841,0,NA,7.9,40,"Reef","Medium","before","Lutjanus rivulatus",80,"Medium",TRUE,1
"364","FP_201_ASH064",2016,NA,"Lutjanidae","Lutjanus","rivulatus","Lutjanidae Lutjanus rivulatus",10.1841,0,NA,7.9,40,"Reef","Medium","arrival","Lutjanus rivulatus",80,"Medium",TRUE,1
"365","FP_201_ASH064",2016,NA,"Lutjanidae","Lutjanus","rivulatus","Lutjanidae Lutjanus rivulatus",10.1841,0,NA,7.9,40,"Reef","Medium","after","Lutjanus rivulatus",80,"Medium",TRUE,1
"366","FP_201_ASH064",2016,NA,"Serranidae","Aethaloperca","rogaa","Serranidae Aethaloperca rogaa",31.5226,0,NA,7.9,40,"Reef","Medium","before","Aethaloperca rogaa",60,"Medium",TRUE,1
"367","FP_201_ASH064",2016,NA,"Serranidae","Aethaloperca","rogaa","Serranidae Aethaloperca rogaa",31.5226,0,NA,7.9,40,"Reef","Medium","arrival","Aethaloperca rogaa",60,"Medium",TRUE,1
"368","FP_201_ASH064",2016,NA,"Serranidae","Aethaloperca","rogaa","Serranidae Aethaloperca rogaa",31.5226,0,NA,7.9,40,"Reef","Medium","after","Aethaloperca rogaa",60,"Medium",TRUE,1
"369","FP_201_ASH064",2016,NA,"Serranidae","Cephalopholis","argus","Serranidae Cephalopholis argus",2.0815,0,NA,7.9,40,"Reef","Medium","before","Cephalopholis argus",60,"Medium",TRUE,2
"370","FP_201_ASH064",2016,NA,"Serranidae","Cephalopholis","argus","Serranidae Cephalopholis argus",2.0815,0,NA,7.9,40,"Reef","Medium","arrival","Cephalopholis argus",60,"Medium",TRUE,2
"371","FP_201_ASH064",2016,NA,"Serranidae","Cephalopholis","argus","Serranidae Cephalopholis argus",2.0815,0,NA,7.9,40,"Reef","Medium","after","Cephalopholis argus",60,"Medium",TRUE,2
"372","FP_201_ASH064",2016,NA,"Serranidae","Cephalopholis","urodeta","Serranidae Cephalopholis urodeta",1.9558,0,NA,7.9,40,"Reef","Medium","before","Cephalopholis urodeta",28,"Small",TRUE,2
"373","FP_201_ASH064",2016,NA,"Serranidae","Cephalopholis","urodeta","Serranidae Cephalopholis urodeta",1.9558,0,NA,7.9,40,"Reef","Medium","arrival","Cephalopholis urodeta",28,"Small",TRUE,2
"374","FP_201_ASH064",2016,NA,"Serranidae","Cephalopholis","urodeta","Serranidae Cephalopholis urodeta",1.9558,0,NA,7.9,40,"Reef","Medium","after","Cephalopholis urodeta",28,"Small",TRUE,2
"375","FP_201_ASH064",2016,38.6364,"Serranidae","Epinephelus","fuscoguttatus","Serranidae Epinephelus fuscoguttatus",38.5752,1,0.0611999999999995,7.9,40,"Reef","Medium","before","Epinephelus fuscoguttatus",120,"Large",TRUE,1
"376","FP_201_ASH064",2016,38.6364,"Serranidae","Epinephelus","fuscoguttatus","Serranidae Epinephelus fuscoguttatus",38.5752,1,0.0611999999999995,7.9,40,"Reef","Medium","arrival","Epinephelus fuscoguttatus",120,"Large",TRUE,1
"377","FP_201_ASH064",2016,38.6364,"Serranidae","Epinephelus","fuscoguttatus","Serranidae Epinephelus fuscoguttatus",38.5752,1,0.0611999999999995,7.9,40,"Reef","Medium","after","Epinephelus fuscoguttatus",120,"Large",TRUE,1
"378","FP_201_ASH064",2016,NA,"Serranidae","Variola","albimarginata","Serranidae Variola albimarginata",50.7958,0,NA,7.9,40,"Reef","Medium","before","Variola albimarginata",65,"Medium",TRUE,1
"379","FP_201_ASH064",2016,NA,"Serranidae","Variola","albimarginata","Serranidae Variola albimarginata",50.7958,0,NA,7.9,40,"Reef","Medium","arrival","Variola albimarginata",65,"Medium",TRUE,1
"380","FP_201_ASH064",2016,NA,"Serranidae","Variola","albimarginata","Serranidae Variola albimarginata",50.7958,0,NA,7.9,40,"Reef","Medium","after","Variola albimarginata",65,"Medium",TRUE,1
"381","FP_201_ASH068",2016,NA,"Carangidae","Carangoides","ferdau","Carangidae Carangoides ferdau",17.0487,0,NA,27,0,"Sand","Low","absent","Carangoides ferdau",70,"Medium",FALSE,1
"382","FP_201_ASH068",2016,NA,"Carangidae","Carangoides","orthogrammus","Carangidae Carangoides orthogrammus",14.331,0,NA,27,0,"Sand","Low","absent","Carangoides orthogrammus",75,"Medium",FALSE,2
"383","FP_201_ASH068",2016,NA,"Carangidae","Carangoides","plagiotaenia","Carangidae Carangoides plagiotaenia",20.6618,0,NA,27,0,"Sand","Low","absent","Carangoides plagiotaenia",50,"Medium",FALSE,1
"384","FP_201_ASH068",2016,NA,"Carangidae","Caranx","melampygus","Carangidae Caranx melampygus",31.9948,0,NA,27,0,"Sand","Low","absent","Caranx melampygus",117,"Large",FALSE,1
"385","FP_201_ASH068",2016,19.3165,"Lethrinidae","Gymnocranius","grandoculis","Lethrinidae Gymnocranius grandoculis",11.8952,1,7.4213,27,0,"Sand","Low","absent","Gymnocranius grandoculis",80,"Medium",FALSE,1
"386","FP_201_ASH068",2016,10.743,"Lethrinidae","Lethrinus","olivaceus","Lethrinidae Lethrinus olivaceus",10.4343,1,0.3087,27,0,"Sand","Low","absent","Lethrinus olivaceus",100,"Large",FALSE,2
"387","FP_201_ASH068",2016,NA,"Lutjanidae","Aprion","virescens","Lutjanidae Aprion virescens",22.8545,0,NA,27,0,"Sand","Low","absent","Aprion virescens",112,"Large",FALSE,1
"388","FP_201_ASH088",2016,NA,"Carangidae","Caranx","ignobilis","Carangidae Caranx ignobilis",47.5503,0,NA,32,0,"Sand","Low","arrival","Caranx ignobilis",170,"Large",TRUE,6
"389","FP_201_ASH088",2016,NA,"Carangidae","Caranx","ignobilis","Carangidae Caranx ignobilis",47.5503,0,NA,32,0,"Sand","Low","after","Caranx ignobilis",170,"Large",TRUE,6
"390","FP_201_ASH088",2016,NA,"Carangidae","Gnathanodon","speciosus","Carangidae Gnathanodon speciosus",49.1047,0,NA,32,0,"Sand","Low","arrival","Gnathanodon speciosus",120,"Large",TRUE,2
"391","FP_201_ASH088",2016,NA,"Carangidae","Gnathanodon","speciosus","Carangidae Gnathanodon speciosus",49.1047,0,NA,32,0,"Sand","Low","after","Gnathanodon speciosus",120,"Large",TRUE,2
"392","FP_201_ASH088",2016,51.9781,"Carcharhinidae","Galeocerdo","cuvier","Carcharhinidae Galeocerdo cuvier",40.8559,1,11.1222,32,0,"Sand","Low","arrival","Galeocerdo cuvier",750,"Large",TRUE,1
"393","FP_201_ASH088",2016,51.9781,"Carcharhinidae","Galeocerdo","cuvier","Carcharhinidae Galeocerdo cuvier",40.8559,1,11.1222,32,0,"Sand","Low","after","Galeocerdo cuvier",750,"Large",TRUE,1
"394","FP_201_ASH105",2016,NA,"Lutjanidae","Lutjanus","vitta","Lutjanidae Lutjanus vitta",6.7912,0,NA,32.6,0,"Sand","Low","absent","Lutjanus vitta",40,"Small",FALSE,9
"395","FP_201_ASH108",2016,NA,"Carangidae","Carangoides","gymnostethus","Carangidae Carangoides gymnostethus",36.2479,0,NA,27,0,"Sand","Low","absent","Carangoides gymnostethus",90,"Medium",FALSE,2
"396","FP_201_ASH108",2016,NA,"Carangidae","Carangoides","orthogrammus","Carangidae Carangoides orthogrammus",21.6867,0,NA,27,0,"Sand","Low","absent","Carangoides orthogrammus",75,"Medium",FALSE,2
"397","FP_201_ASH108",2016,NA,"Carangidae","Caranx","melampygus","Carangidae Caranx melampygus",24.395,0,NA,27,0,"Sand","Low","absent","Caranx melampygus",117,"Large",FALSE,1
"398","FP_201_ASH108",2016,NA,"Lethrinidae","Gymnocranius","grandoculis","Lethrinidae Gymnocranius grandoculis",14.1781,0,NA,27,0,"Sand","Low","absent","Gymnocranius grandoculis",80,"Medium",FALSE,8
"399","FP_201_ASH108",2016,44.4917,"Lethrinidae","Lethrinus","microdon","Lethrinidae Lethrinus microdon",13.1476,1,31.3441,27,0,"Sand","Low","absent","Lethrinus microdon",80,"Medium",FALSE,3
"400","FP_201_ASH108",2016,13.7905,"Lethrinidae","Lethrinus","rubrioperculatus","Lethrinidae Lethrinus rubrioperculatus",11.5043,1,2.2862,27,0,"Sand","Low","absent","Lethrinus rubrioperculatus",50,"Medium",FALSE,3
"401","FP_201_ASH108",2016,NA,"Lutjanidae","Aprion","virescens","Lutjanidae Aprion virescens",21.69,0,NA,27,0,"Sand","Low","absent","Aprion virescens",112,"Large",FALSE,2
"402","FP_201_ASH112",2016,NA,"Carangidae","Carangoides","orthogrammus","Carangidae Carangoides orthogrammus",59.1364,0,NA,25,0,"Sand","Low","before","Carangoides orthogrammus",75,"Medium",TRUE,1
"403","FP_201_ASH112",2016,NA,"Carangidae","Carangoides","orthogrammus","Carangidae Carangoides orthogrammus",59.1364,0,NA,25,0,"Sand","Low","arrival","Carangoides orthogrammus",75,"Medium",TRUE,1
"404","FP_201_ASH112",2016,NA,"Carangidae","Carangoides","orthogrammus","Carangidae Carangoides orthogrammus",59.1364,0,NA,25,0,"Sand","Low","after","Carangoides orthogrammus",75,"Medium",TRUE,1
"405","FP_201_ASH112",2016,NA,"Carangidae","Carangoides","orthogrammus","Carangidae Carangoides orthogrammus",59.1364,0,NA,25,0,"Sand ","Low","after","Carangoides orthogrammus",75,"Medium",TRUE,1
"406","FP_201_ASH112",2016,55.3921,"Carcharhinidae","Carcharhinus","amblyrhynchos","Carcharhinidae Carcharhinus amblyrhynchos",55.2414,1,0.150700000000001,25,0,"Sand","Low","before","Carcharhinus amblyrhynchos",255,"Large",TRUE,1
"407","FP_201_ASH112",2016,55.3921,"Carcharhinidae","Carcharhinus","amblyrhynchos","Carcharhinidae Carcharhinus amblyrhynchos",55.2414,1,0.150700000000001,25,0,"Sand","Low","arrival","Carcharhinus amblyrhynchos",255,"Large",TRUE,1
"408","FP_201_ASH112",2016,55.3921,"Carcharhinidae","Carcharhinus","amblyrhynchos","Carcharhinidae Carcharhinus amblyrhynchos",55.2414,1,0.150700000000001,25,0,"Sand","Low","after","Carcharhinus amblyrhynchos",255,"Large",TRUE,1
"409","FP_201_ASH112",2016,55.3921,"Carcharhinidae","Carcharhinus","amblyrhynchos","Carcharhinidae Carcharhinus amblyrhynchos",55.2414,1,0.150700000000001,25,0,"Sand ","Low","after","Carcharhinus amblyrhynchos",255,"Large",TRUE,1
"410","FP_201_ASH112",2016,NA,"Lethrinidae","Gymnocranius","grandoculis","Lethrinidae Gymnocranius grandoculis",5.7135,0,NA,25,0,"Sand","Low","before","Gymnocranius grandoculis",80,"Medium",TRUE,2
"411","FP_201_ASH112",2016,NA,"Lethrinidae","Gymnocranius","grandoculis","Lethrinidae Gymnocranius grandoculis",5.7135,0,NA,25,0,"Sand","Low","arrival","Gymnocranius grandoculis",80,"Medium",TRUE,2
"412","FP_201_ASH112",2016,NA,"Lethrinidae","Gymnocranius","grandoculis","Lethrinidae Gymnocranius grandoculis",5.7135,0,NA,25,0,"Sand","Low","after","Gymnocranius grandoculis",80,"Medium",TRUE,2
"413","FP_201_ASH112",2016,NA,"Lethrinidae","Gymnocranius","grandoculis","Lethrinidae Gymnocranius grandoculis",5.7135,0,NA,25,0,"Sand ","Low","after","Gymnocranius grandoculis",80,"Medium",TRUE,2
"414","FP_201_ASH112",2016,10.7596,"Lethrinidae","Lethrinus","microdon","Lethrinidae Lethrinus microdon",10.7596,1,0,25,0,"Sand","Low","before","Lethrinus microdon",80,"Medium",TRUE,2
"415","FP_201_ASH112",2016,10.7596,"Lethrinidae","Lethrinus","microdon","Lethrinidae Lethrinus microdon",10.7596,1,0,25,0,"Sand","Low","arrival","Lethrinus microdon",80,"Medium",TRUE,2
"416","FP_201_ASH112",2016,10.7596,"Lethrinidae","Lethrinus","microdon","Lethrinidae Lethrinus microdon",10.7596,1,0,25,0,"Sand","Low","after","Lethrinus microdon",80,"Medium",TRUE,2
"417","FP_201_ASH112",2016,10.7596,"Lethrinidae","Lethrinus","microdon","Lethrinidae Lethrinus microdon",10.7596,1,0,25,0,"Sand ","Low","after","Lethrinus microdon",80,"Medium",TRUE,2
"418","FP_201_ASH112",2016,22.8684,"Lethrinidae","Lethrinus","olivaceus","Lethrinidae Lethrinus olivaceus",22.8684,1,0,25,0,"Sand","Low","before","Lethrinus olivaceus",100,"Large",TRUE,2
"419","FP_201_ASH112",2016,22.8684,"Lethrinidae","Lethrinus","olivaceus","Lethrinidae Lethrinus olivaceus",22.8684,1,0,25,0,"Sand","Low","arrival","Lethrinus olivaceus",100,"Large",TRUE,2
"420","FP_201_ASH112",2016,22.8684,"Lethrinidae","Lethrinus","olivaceus","Lethrinidae Lethrinus olivaceus",22.8684,1,0,25,0,"Sand","Low","after","Lethrinus olivaceus",100,"Large",TRUE,2
"421","FP_201_ASH112",2016,22.8684,"Lethrinidae","Lethrinus","olivaceus","Lethrinidae Lethrinus olivaceus",22.8684,1,0,25,0,"Sand ","Low","after","Lethrinus olivaceus",100,"Large",TRUE,2
"422","FP_201_ASH112",2016,11.0466,"Lethrinidae","Lethrinus","rubrioperculatus","Lethrinidae Lethrinus rubrioperculatus",11.0466,1,0,25,0,"Sand","Low","before","Lethrinus rubrioperculatus",50,"Medium",TRUE,2
"423","FP_201_ASH112",2016,11.0466,"Lethrinidae","Lethrinus","rubrioperculatus","Lethrinidae Lethrinus rubrioperculatus",11.0466,1,0,25,0,"Sand","Low","arrival","Lethrinus rubrioperculatus",50,"Medium",TRUE,2
"424","FP_201_ASH112",2016,11.0466,"Lethrinidae","Lethrinus","rubrioperculatus","Lethrinidae Lethrinus rubrioperculatus",11.0466,1,0,25,0,"Sand","Low","after","Lethrinus rubrioperculatus",50,"Medium",TRUE,2
"425","FP_201_ASH112",2016,11.0466,"Lethrinidae","Lethrinus","rubrioperculatus","Lethrinidae Lethrinus rubrioperculatus",11.0466,1,0,25,0,"Sand ","Low","after","Lethrinus rubrioperculatus",50,"Medium",TRUE,2
"426","FP_201_ASH112",2016,NA,"Lutjanidae","Aprion","virescens","Lutjanidae Aprion virescens",11.0466,0,NA,25,0,"Sand","Low","before","Aprion virescens",112,"Large",TRUE,2
"427","FP_201_ASH112",2016,NA,"Lutjanidae","Aprion","virescens","Lutjanidae Aprion virescens",11.0466,0,NA,25,0,"Sand","Low","arrival","Aprion virescens",112,"Large",TRUE,2
"428","FP_201_ASH112",2016,NA,"Lutjanidae","Aprion","virescens","Lutjanidae Aprion virescens",11.0466,0,NA,25,0,"Sand","Low","after","Aprion virescens",112,"Large",TRUE,2
"429","FP_201_ASH112",2016,NA,"Lutjanidae","Aprion","virescens","Lutjanidae Aprion virescens",11.0466,0,NA,25,0,"Sand ","Low","after","Aprion virescens",112,"Large",TRUE,2
"430","FP_201_ASH112",2016,46.0983,"Lutjanidae","Lutjanus","bohar","Lutjanidae Lutjanus bohar",46.0983,1,0,25,0,"Sand","Low","before","Lutjanus bohar",90,"Medium",TRUE,1
"431","FP_201_ASH112",2016,46.0983,"Lutjanidae","Lutjanus","bohar","Lutjanidae Lutjanus bohar",46.0983,1,0,25,0,"Sand","Low","arrival","Lutjanus bohar",90,"Medium",TRUE,1
"432","FP_201_ASH112",2016,46.0983,"Lutjanidae","Lutjanus","bohar","Lutjanidae Lutjanus bohar",46.0983,1,0,25,0,"Sand","Low","after","Lutjanus bohar",90,"Medium",TRUE,1
"433","FP_201_ASH112",2016,46.0983,"Lutjanidae","Lutjanus","bohar","Lutjanidae Lutjanus bohar",46.0983,1,0,25,0,"Sand ","Low","after","Lutjanus bohar",90,"Medium",TRUE,1
